filename,filepath,aqi,category,source
01_hazy.png,C:\Users\Srujan Jadhav\Desktop\aqi_prediction\data\raw\dense_haze\hazy\01_hazy.png,283.3,Very Unhealthy,dense_haze
02_hazy.png,C:\Users\Srujan Jadhav\Desktop\aqi_prediction\data\raw\dense_haze\hazy\02_hazy.png,261.4,Very Unhealthy,dense_haze
03_hazy.png,C:\Users\Srujan Jadhav\Desktop\aqi_prediction\data\raw\dense_haze\hazy\03_hazy.png,282.0,Very Unhealthy,dense_haze
04_hazy.png,C:\Users\Srujan Jadhav\Desktop\aqi_prediction\data\raw\dense_haze\hazy\04_hazy.png,307.4,Hazardous,dense_haze
05_hazy.png,C:\Users\Srujan Jadhav\Desktop\aqi_prediction\data\raw\dense_haze\hazy\05_hazy.png,209.7,Very Unhealthy,dense_haze
06_hazy.png,C:\Users\Srujan Jadhav\Desktop\aqi_prediction\data\raw\dense_haze\hazy\06_hazy.png,347.4,Hazardous,dense_haze
07_hazy.png,C:\Users\Srujan Jadhav\Desktop\aqi_prediction\data\raw\dense_haze\hazy\07_hazy.png,261.7,Very Unhealthy,dense_haze
08_hazy.png,C:\Users\Srujan Jadhav\Desktop\aqi_prediction\data\raw\dense_haze\hazy\08_hazy.png,256.1,Very Unhealthy,dense_haze
09_hazy.png,C:\Users\Srujan Jadhav\Desktop\aqi_prediction\data\raw\dense_haze\hazy\09_hazy.png,238.1,Very Unhealthy,dense_haze
10_hazy.png,C:\Users\Srujan Jadhav\Desktop\aqi_prediction\data\raw\dense_haze\hazy\10_hazy.png,317.3,Hazardous,dense_haze
11_hazy.png,C:\Users\Srujan Jadhav\Desktop\aqi_prediction\data\raw\dense_haze\hazy\11_hazy.png,307.0,Hazardous,dense_haze
12_hazy.png,C:\Users\Srujan Jadhav\Desktop\aqi_prediction\data\raw\dense_haze\hazy\12_hazy.png,329.8,Hazardous,dense_haze
13_hazy.png,C:\Users\Srujan Jadhav\Desktop\aqi_prediction\data\raw\dense_haze\hazy\13_hazy.png,315.7,Hazardous,dense_haze
14_hazy.png,C:\Users\Srujan Jadhav\Desktop\aqi_prediction\data\raw\dense_haze\hazy\14_hazy.png,290.5,Very Unhealthy,dense_haze
15_hazy.png,C:\Users\Srujan Jadhav\Desktop\aqi_prediction\data\raw\dense_haze\hazy\15_hazy.png,293.1,Very Unhealthy,dense_haze
16_hazy.png,C:\Users\Srujan Jadhav\Desktop\aqi_prediction\data\raw\dense_haze\hazy\16_hazy.png,317.4,Hazardous,dense_haze
17_hazy.png,C:\Users\Srujan Jadhav\Desktop\aqi_prediction\data\raw\dense_haze\hazy\17_hazy.png,244.9,Very Unhealthy,dense_haze
18_hazy.png,C:\Users\Srujan Jadhav\Desktop\aqi_prediction\data\raw\dense_haze\hazy\18_hazy.png,278.2,Very Unhealthy,dense_haze
19_hazy.png,C:\Users\Srujan Jadhav\Desktop\aqi_prediction\data\raw\dense_haze\hazy\19_hazy.png,295.3,Very Unhealthy,dense_haze
20_hazy.png,C:\Users\Srujan Jadhav\Desktop\aqi_prediction\data\raw\dense_haze\hazy\20_hazy.png,261.9,Very Unhealthy,dense_haze
21_hazy.png,C:\Users\Srujan Jadhav\Desktop\aqi_prediction\data\raw\dense_haze\hazy\21_hazy.png,308.9,Hazardous,dense_haze
22_hazy.png,C:\Users\Srujan Jadhav\Desktop\aqi_prediction\data\raw\dense_haze\hazy\22_hazy.png,265.9,Very Unhealthy,dense_haze
23_hazy.png,C:\Users\Srujan Jadhav\Desktop\aqi_prediction\data\raw\dense_haze\hazy\23_hazy.png,306.9,Hazardous,dense_haze
24_hazy.png,C:\Users\Srujan Jadhav\Desktop\aqi_prediction\data\raw\dense_haze\hazy\24_hazy.png,285.6,Very Unhealthy,dense_haze
25_hazy.png,C:\Users\Srujan Jadhav\Desktop\aqi_prediction\data\raw\dense_haze\hazy\25_hazy.png,298.5,Very Unhealthy,dense_haze
26_hazy.png,C:\Users\Srujan Jadhav\Desktop\aqi_prediction\data\raw\dense_haze\hazy\26_hazy.png,219.3,Very Unhealthy,dense_haze
27_hazy.png,C:\Users\Srujan Jadhav\Desktop\aqi_prediction\data\raw\dense_haze\hazy\27_hazy.png,245.6,Very Unhealthy,dense_haze
28_hazy.png,C:\Users\Srujan Jadhav\Desktop\aqi_prediction\data\raw\dense_haze\hazy\28_hazy.png,333.8,Hazardous,dense_haze
29_hazy.png,C:\Users\Srujan Jadhav\Desktop\aqi_prediction\data\raw\dense_haze\hazy\29_hazy.png,287.1,Very Unhealthy,dense_haze
30_hazy.png,C:\Users\Srujan Jadhav\Desktop\aqi_prediction\data\raw\dense_haze\hazy\30_hazy.png,276.7,Very Unhealthy,dense_haze
31_hazy.png,C:\Users\Srujan Jadhav\Desktop\aqi_prediction\data\raw\dense_haze\hazy\31_hazy.png,318.5,Hazardous,dense_haze
32_hazy.png,C:\Users\Srujan Jadhav\Desktop\aqi_prediction\data\raw\dense_haze\hazy\32_hazy.png,310.0,Hazardous,dense_haze
33_hazy.png,C:\Users\Srujan Jadhav\Desktop\aqi_prediction\data\raw\dense_haze\hazy\33_hazy.png,278.1,Very Unhealthy,dense_haze
34_hazy.png,C:\Users\Srujan Jadhav\Desktop\aqi_prediction\data\raw\dense_haze\hazy\34_hazy.png,254.3,Very Unhealthy,dense_haze
35_hazy.png,C:\Users\Srujan Jadhav\Desktop\aqi_prediction\data\raw\dense_haze\hazy\35_hazy.png,358.4,Hazardous,dense_haze
36_hazy.png,C:\Users\Srujan Jadhav\Desktop\aqi_prediction\data\raw\dense_haze\hazy\36_hazy.png,307.6,Hazardous,dense_haze
37_hazy.png,C:\Users\Srujan Jadhav\Desktop\aqi_prediction\data\raw\dense_haze\hazy\37_hazy.png,217.1,Very Unhealthy,dense_haze
38_hazy.png,C:\Users\Srujan Jadhav\Desktop\aqi_prediction\data\raw\dense_haze\hazy\38_hazy.png,313.6,Hazardous,dense_haze
39_hazy.png,C:\Users\Srujan Jadhav\Desktop\aqi_prediction\data\raw\dense_haze\hazy\39_hazy.png,310.7,Hazardous,dense_haze
40_hazy.png,C:\Users\Srujan Jadhav\Desktop\aqi_prediction\data\raw\dense_haze\hazy\40_hazy.png,312.6,Hazardous,dense_haze
41_hazy.png,C:\Users\Srujan Jadhav\Desktop\aqi_prediction\data\raw\dense_haze\hazy\41_hazy.png,263.8,Very Unhealthy,dense_haze
42_hazy.png,C:\Users\Srujan Jadhav\Desktop\aqi_prediction\data\raw\dense_haze\hazy\42_hazy.png,338.9,Hazardous,dense_haze
43_hazy.png,C:\Users\Srujan Jadhav\Desktop\aqi_prediction\data\raw\dense_haze\hazy\43_hazy.png,250.1,Very Unhealthy,dense_haze
44_hazy.png,C:\Users\Srujan Jadhav\Desktop\aqi_prediction\data\raw\dense_haze\hazy\44_hazy.png,328.4,Hazardous,dense_haze
45_hazy.png,C:\Users\Srujan Jadhav\Desktop\aqi_prediction\data\raw\dense_haze\hazy\45_hazy.png,291.7,Very Unhealthy,dense_haze
46_hazy.png,C:\Users\Srujan Jadhav\Desktop\aqi_prediction\data\raw\dense_haze\hazy\46_hazy.png,347.9,Hazardous,dense_haze
47_hazy.png,C:\Users\Srujan Jadhav\Desktop\aqi_prediction\data\raw\dense_haze\hazy\47_hazy.png,264.5,Very Unhealthy,dense_haze
48_hazy.png,C:\Users\Srujan Jadhav\Desktop\aqi_prediction\data\raw\dense_haze\hazy\48_hazy.png,307.9,Hazardous,dense_haze
49_hazy.png,C:\Users\Srujan Jadhav\Desktop\aqi_prediction\data\raw\dense_haze\hazy\49_hazy.png,313.8,Hazardous,dense_haze
50_hazy.png,C:\Users\Srujan Jadhav\Desktop\aqi_prediction\data\raw\dense_haze\hazy\50_hazy.png,267.0,Very Unhealthy,dense_haze
51_hazy.png,C:\Users\Srujan Jadhav\Desktop\aqi_prediction\data\raw\dense_haze\hazy\51_hazy.png,280.5,Very Unhealthy,dense_haze
52_hazy.png,C:\Users\Srujan Jadhav\Desktop\aqi_prediction\data\raw\dense_haze\hazy\52_hazy.png,263.4,Very Unhealthy,dense_haze
53_hazy.png,C:\Users\Srujan Jadhav\Desktop\aqi_prediction\data\raw\dense_haze\hazy\53_hazy.png,299.1,Very Unhealthy,dense_haze
54_hazy.png,C:\Users\Srujan Jadhav\Desktop\aqi_prediction\data\raw\dense_haze\hazy\54_hazy.png,307.5,Hazardous,dense_haze
55_hazy.png,C:\Users\Srujan Jadhav\Desktop\aqi_prediction\data\raw\dense_haze\hazy\55_hazy.png,268.3,Very Unhealthy,dense_haze
dusttornado-001.jpg,C:\Users\Srujan Jadhav\Desktop\aqi_prediction\data\raw\dawn\images\dusttornado-001.jpg,390.2,Hazardous,dawn
dusttornado-002.jpg,C:\Users\Srujan Jadhav\Desktop\aqi_prediction\data\raw\dawn\images\dusttornado-002.jpg,323.0,Hazardous,dawn
dusttornado-003.jpg,C:\Users\Srujan Jadhav\Desktop\aqi_prediction\data\raw\dawn\images\dusttornado-003.jpg,412.5,Hazardous,dawn
dusttornado-004.jpg,C:\Users\Srujan Jadhav\Desktop\aqi_prediction\data\raw\dawn\images\dusttornado-004.jpg,422.0,Hazardous,dawn
dusttornado-005.jpg,C:\Users\Srujan Jadhav\Desktop\aqi_prediction\data\raw\dawn\images\dusttornado-005.jpg,277.4,Very Unhealthy,dawn
dusttornado-006.jpg,C:\Users\Srujan Jadhav\Desktop\aqi_prediction\data\raw\dawn\images\dusttornado-006.jpg,309.9,Hazardous,dawn
dusttornado-007.jpg,C:\Users\Srujan Jadhav\Desktop\aqi_prediction\data\raw\dawn\images\dusttornado-007.jpg,381.4,Hazardous,dawn
dusttornado-008.jpg,C:\Users\Srujan Jadhav\Desktop\aqi_prediction\data\raw\dawn\images\dusttornado-008.jpg,359.2,Hazardous,dawn
dusttornado-010.jpg,C:\Users\Srujan Jadhav\Desktop\aqi_prediction\data\raw\dawn\images\dusttornado-010.jpg,374.2,Hazardous,dawn
dusttornado-012.jpg,C:\Users\Srujan Jadhav\Desktop\aqi_prediction\data\raw\dawn\images\dusttornado-012.jpg,332.3,Hazardous,dawn
dusttornado-013.jpg,C:\Users\Srujan Jadhav\Desktop\aqi_prediction\data\raw\dawn\images\dusttornado-013.jpg,419.0,Hazardous,dawn
dusttornado-014.jpg,C:\Users\Srujan Jadhav\Desktop\aqi_prediction\data\raw\dawn\images\dusttornado-014.jpg,413.9,Hazardous,dawn
dusttornado-015.jpg,C:\Users\Srujan Jadhav\Desktop\aqi_prediction\data\raw\dawn\images\dusttornado-015.jpg,378.3,Hazardous,dawn
dusttornado-016.jpg,C:\Users\Srujan Jadhav\Desktop\aqi_prediction\data\raw\dawn\images\dusttornado-016.jpg,431.4,Hazardous,dawn
dusttornado-017.jpg,C:\Users\Srujan Jadhav\Desktop\aqi_prediction\data\raw\dawn\images\dusttornado-017.jpg,398.4,Hazardous,dawn
dusttornado-018.jpg,C:\Users\Srujan Jadhav\Desktop\aqi_prediction\data\raw\dawn\images\dusttornado-018.jpg,332.0,Hazardous,dawn
dusttornado-019.jpg,C:\Users\Srujan Jadhav\Desktop\aqi_prediction\data\raw\dawn\images\dusttornado-019.jpg,393.4,Hazardous,dawn
dusttornado-020.jpg,C:\Users\Srujan Jadhav\Desktop\aqi_prediction\data\raw\dawn\images\dusttornado-020.jpg,327.1,Hazardous,dawn
dusttornado-021.jpg,C:\Users\Srujan Jadhav\Desktop\aqi_prediction\data\raw\dawn\images\dusttornado-021.jpg,418.9,Hazardous,dawn
dusttornado-022.jpg,C:\Users\Srujan Jadhav\Desktop\aqi_prediction\data\raw\dawn\images\dusttornado-022.jpg,372.5,Hazardous,dawn
dusttornado-023.jpg,C:\Users\Srujan Jadhav\Desktop\aqi_prediction\data\raw\dawn\images\dusttornado-023.jpg,365.8,Hazardous,dawn
dusttornado-024.jpg,C:\Users\Srujan Jadhav\Desktop\aqi_prediction\data\raw\dawn\images\dusttornado-024.jpg,341.0,Hazardous,dawn
dusttornado-025.jpg,C:\Users\Srujan Jadhav\Desktop\aqi_prediction\data\raw\dawn\images\dusttornado-025.jpg,436.1,Hazardous,dawn
dusttornado-026.jpg,C:\Users\Srujan Jadhav\Desktop\aqi_prediction\data\raw\dawn\images\dusttornado-026.jpg,367.3,Hazardous,dawn
dusttornado-027.jpg,C:\Users\Srujan Jadhav\Desktop\aqi_prediction\data\raw\dawn\images\dusttornado-027.jpg,353.6,Hazardous,dawn
dusttornado-029.jpg,C:\Users\Srujan Jadhav\Desktop\aqi_prediction\data\raw\dawn\images\dusttornado-029.jpg,357.4,Hazardous,dawn
dusttornado-030.jpg,C:\Users\Srujan Jadhav\Desktop\aqi_prediction\data\raw\dawn\images\dusttornado-030.jpg,401.6,Hazardous,dawn
dusttornado-031.jpg,C:\Users\Srujan Jadhav\Desktop\aqi_prediction\data\raw\dawn\images\dusttornado-031.jpg,393.3,Hazardous,dawn
dusttornado-032.jpg,C:\Users\Srujan Jadhav\Desktop\aqi_prediction\data\raw\dawn\images\dusttornado-032.jpg,395.6,Hazardous,dawn
dusttornado-033.jpg,C:\Users\Srujan Jadhav\Desktop\aqi_prediction\data\raw\dawn\images\dusttornado-033.jpg,396.5,Hazardous,dawn
dusttornado-034.jpg,C:\Users\Srujan Jadhav\Desktop\aqi_prediction\data\raw\dawn\images\dusttornado-034.jpg,482.1,Hazardous,dawn
dusttornado-035.jpg,C:\Users\Srujan Jadhav\Desktop\aqi_prediction\data\raw\dawn\images\dusttornado-035.jpg,354.7,Hazardous,dawn
dusttornado-036.jpg,C:\Users\Srujan Jadhav\Desktop\aqi_prediction\data\raw\dawn\images\dusttornado-036.jpg,349.4,Hazardous,dawn
dusttornado-038.jpg,C:\Users\Srujan Jadhav\Desktop\aqi_prediction\data\raw\dawn\images\dusttornado-038.jpg,334.3,Hazardous,dawn
dusttornado-909.jpg,C:\Users\Srujan Jadhav\Desktop\aqi_prediction\data\raw\dawn\images\dusttornado-909.jpg,405.8,Hazardous,dawn
dusttornado-937.jpg,C:\Users\Srujan Jadhav\Desktop\aqi_prediction\data\raw\dawn\images\dusttornado-937.jpg,431.4,Hazardous,dawn
foggy-001.jpg,C:\Users\Srujan Jadhav\Desktop\aqi_prediction\data\raw\dawn\images\foggy-001.jpg,122.2,Unhealthy for Sensitive Groups,dawn
foggy-002.jpg,C:\Users\Srujan Jadhav\Desktop\aqi_prediction\data\raw\dawn\images\foggy-002.jpg,104.0,Unhealthy for Sensitive Groups,dawn
foggy-003.jpg,C:\Users\Srujan Jadhav\Desktop\aqi_prediction\data\raw\dawn\images\foggy-003.jpg,104.4,Unhealthy for Sensitive Groups,dawn
foggy-004.jpg,C:\Users\Srujan Jadhav\Desktop\aqi_prediction\data\raw\dawn\images\foggy-004.jpg,141.3,Unhealthy for Sensitive Groups,dawn
foggy-006.jpg,C:\Users\Srujan Jadhav\Desktop\aqi_prediction\data\raw\dawn\images\foggy-006.jpg,143.6,Unhealthy for Sensitive Groups,dawn
foggy-007.jpg,C:\Users\Srujan Jadhav\Desktop\aqi_prediction\data\raw\dawn\images\foggy-007.jpg,138.6,Unhealthy for Sensitive Groups,dawn
foggy-008.jpg,C:\Users\Srujan Jadhav\Desktop\aqi_prediction\data\raw\dawn\images\foggy-008.jpg,108.4,Unhealthy for Sensitive Groups,dawn
foggy-009.jpg,C:\Users\Srujan Jadhav\Desktop\aqi_prediction\data\raw\dawn\images\foggy-009.jpg,130.8,Unhealthy for Sensitive Groups,dawn
foggy-010.jpg,C:\Users\Srujan Jadhav\Desktop\aqi_prediction\data\raw\dawn\images\foggy-010.jpg,127.9,Unhealthy for Sensitive Groups,dawn
foggy-011.jpg,C:\Users\Srujan Jadhav\Desktop\aqi_prediction\data\raw\dawn\images\foggy-011.jpg,130.5,Unhealthy for Sensitive Groups,dawn
foggy-012.jpg,C:\Users\Srujan Jadhav\Desktop\aqi_prediction\data\raw\dawn\images\foggy-012.jpg,146.8,Unhealthy for Sensitive Groups,dawn
foggy-014.jpg,C:\Users\Srujan Jadhav\Desktop\aqi_prediction\data\raw\dawn\images\foggy-014.jpg,130.6,Unhealthy for Sensitive Groups,dawn
foggy-015.jpg,C:\Users\Srujan Jadhav\Desktop\aqi_prediction\data\raw\dawn\images\foggy-015.jpg,142.0,Unhealthy for Sensitive Groups,dawn
foggy-016.jpg,C:\Users\Srujan Jadhav\Desktop\aqi_prediction\data\raw\dawn\images\foggy-016.jpg,126.7,Unhealthy for Sensitive Groups,dawn
foggy-017.jpg,C:\Users\Srujan Jadhav\Desktop\aqi_prediction\data\raw\dawn\images\foggy-017.jpg,132.2,Unhealthy for Sensitive Groups,dawn
foggy-018.jpg,C:\Users\Srujan Jadhav\Desktop\aqi_prediction\data\raw\dawn\images\foggy-018.jpg,140.8,Unhealthy for Sensitive Groups,dawn
foggy-019.jpg,C:\Users\Srujan Jadhav\Desktop\aqi_prediction\data\raw\dawn\images\foggy-019.jpg,88.6,Moderate,dawn
foggy-020.jpg,C:\Users\Srujan Jadhav\Desktop\aqi_prediction\data\raw\dawn\images\foggy-020.jpg,117.0,Unhealthy for Sensitive Groups,dawn
foggy-022.jpg,C:\Users\Srujan Jadhav\Desktop\aqi_prediction\data\raw\dawn\images\foggy-022.jpg,113.2,Unhealthy for Sensitive Groups,dawn
foggy-023.jpg,C:\Users\Srujan Jadhav\Desktop\aqi_prediction\data\raw\dawn\images\foggy-023.jpg,109.0,Unhealthy for Sensitive Groups,dawn
foggy-024.jpg,C:\Users\Srujan Jadhav\Desktop\aqi_prediction\data\raw\dawn\images\foggy-024.jpg,118.1,Unhealthy for Sensitive Groups,dawn
foggy-025.jpg,C:\Users\Srujan Jadhav\Desktop\aqi_prediction\data\raw\dawn\images\foggy-025.jpg,162.4,Unhealthy,dawn
foggy-026.jpg,C:\Users\Srujan Jadhav\Desktop\aqi_prediction\data\raw\dawn\images\foggy-026.jpg,103.4,Unhealthy for Sensitive Groups,dawn
foggy-027.jpg,C:\Users\Srujan Jadhav\Desktop\aqi_prediction\data\raw\dawn\images\foggy-027.jpg,149.2,Unhealthy for Sensitive Groups,dawn
foggy-028.jpg,C:\Users\Srujan Jadhav\Desktop\aqi_prediction\data\raw\dawn\images\foggy-028.jpg,82.9,Moderate,dawn
foggy-029.jpg,C:\Users\Srujan Jadhav\Desktop\aqi_prediction\data\raw\dawn\images\foggy-029.jpg,116.6,Unhealthy for Sensitive Groups,dawn
foggy-030.jpg,C:\Users\Srujan Jadhav\Desktop\aqi_prediction\data\raw\dawn\images\foggy-030.jpg,129.1,Unhealthy for Sensitive Groups,dawn
foggy-031.jpg,C:\Users\Srujan Jadhav\Desktop\aqi_prediction\data\raw\dawn\images\foggy-031.jpg,139.7,Unhealthy for Sensitive Groups,dawn
foggy-033.jpg,C:\Users\Srujan Jadhav\Desktop\aqi_prediction\data\raw\dawn\images\foggy-033.jpg,142.8,Unhealthy for Sensitive Groups,dawn
foggy-034.jpg,C:\Users\Srujan Jadhav\Desktop\aqi_prediction\data\raw\dawn\images\foggy-034.jpg,144.8,Unhealthy for Sensitive Groups,dawn
foggy-035.jpg,C:\Users\Srujan Jadhav\Desktop\aqi_prediction\data\raw\dawn\images\foggy-035.jpg,116.3,Unhealthy for Sensitive Groups,dawn
foggy-036.jpg,C:\Users\Srujan Jadhav\Desktop\aqi_prediction\data\raw\dawn\images\foggy-036.jpg,113.4,Unhealthy for Sensitive Groups,dawn
foggy-037.jpg,C:\Users\Srujan Jadhav\Desktop\aqi_prediction\data\raw\dawn\images\foggy-037.jpg,146.4,Unhealthy for Sensitive Groups,dawn
foggy-038.jpg,C:\Users\Srujan Jadhav\Desktop\aqi_prediction\data\raw\dawn\images\foggy-038.jpg,120.2,Unhealthy for Sensitive Groups,dawn
foggy-039.jpg,C:\Users\Srujan Jadhav\Desktop\aqi_prediction\data\raw\dawn\images\foggy-039.jpg,93.1,Moderate,dawn
foggy-040.jpg,C:\Users\Srujan Jadhav\Desktop\aqi_prediction\data\raw\dawn\images\foggy-040.jpg,96.7,Moderate,dawn
foggy-041.jpg,C:\Users\Srujan Jadhav\Desktop\aqi_prediction\data\raw\dawn\images\foggy-041.jpg,102.0,Unhealthy for Sensitive Groups,dawn
foggy-042.jpg,C:\Users\Srujan Jadhav\Desktop\aqi_prediction\data\raw\dawn\images\foggy-042.jpg,137.4,Unhealthy for Sensitive Groups,dawn
foggy-043.jpg,C:\Users\Srujan Jadhav\Desktop\aqi_prediction\data\raw\dawn\images\foggy-043.jpg,128.6,Unhealthy for Sensitive Groups,dawn
foggy-044.jpg,C:\Users\Srujan Jadhav\Desktop\aqi_prediction\data\raw\dawn\images\foggy-044.jpg,142.3,Unhealthy for Sensitive Groups,dawn
foggy-045.jpg,C:\Users\Srujan Jadhav\Desktop\aqi_prediction\data\raw\dawn\images\foggy-045.jpg,114.3,Unhealthy for Sensitive Groups,dawn
foggy-046.jpg,C:\Users\Srujan Jadhav\Desktop\aqi_prediction\data\raw\dawn\images\foggy-046.jpg,129.0,Unhealthy for Sensitive Groups,dawn
foggy-047.jpg,C:\Users\Srujan Jadhav\Desktop\aqi_prediction\data\raw\dawn\images\foggy-047.jpg,140.6,Unhealthy for Sensitive Groups,dawn
foggy-048.jpg,C:\Users\Srujan Jadhav\Desktop\aqi_prediction\data\raw\dawn\images\foggy-048.jpg,117.3,Unhealthy for Sensitive Groups,dawn
foggy-049.jpg,C:\Users\Srujan Jadhav\Desktop\aqi_prediction\data\raw\dawn\images\foggy-049.jpg,136.4,Unhealthy for Sensitive Groups,dawn
foggy-050.jpg,C:\Users\Srujan Jadhav\Desktop\aqi_prediction\data\raw\dawn\images\foggy-050.jpg,108.5,Unhealthy for Sensitive Groups,dawn
foggy-051.jpg,C:\Users\Srujan Jadhav\Desktop\aqi_prediction\data\raw\dawn\images\foggy-051.jpg,115.9,Unhealthy for Sensitive Groups,dawn
foggy-053.jpg,C:\Users\Srujan Jadhav\Desktop\aqi_prediction\data\raw\dawn\images\foggy-053.jpg,115.5,Unhealthy for Sensitive Groups,dawn
foggy-055.jpg,C:\Users\Srujan Jadhav\Desktop\aqi_prediction\data\raw\dawn\images\foggy-055.jpg,95.1,Moderate,dawn
foggy-056.jpg,C:\Users\Srujan Jadhav\Desktop\aqi_prediction\data\raw\dawn\images\foggy-056.jpg,137.2,Unhealthy for Sensitive Groups,dawn
foggy-057.jpg,C:\Users\Srujan Jadhav\Desktop\aqi_prediction\data\raw\dawn\images\foggy-057.jpg,113.3,Unhealthy for Sensitive Groups,dawn
foggy-058.jpg,C:\Users\Srujan Jadhav\Desktop\aqi_prediction\data\raw\dawn\images\foggy-058.jpg,125.3,Unhealthy for Sensitive Groups,dawn
foggy-059.jpg,C:\Users\Srujan Jadhav\Desktop\aqi_prediction\data\raw\dawn\images\foggy-059.jpg,137.0,Unhealthy for Sensitive Groups,dawn
foggy-060.jpg,C:\Users\Srujan Jadhav\Desktop\aqi_prediction\data\raw\dawn\images\foggy-060.jpg,136.2,Unhealthy for Sensitive Groups,dawn
foggy-061.jpg,C:\Users\Srujan Jadhav\Desktop\aqi_prediction\data\raw\dawn\images\foggy-061.jpg,141.6,Unhealthy for Sensitive Groups,dawn
foggy-062.jpg,C:\Users\Srujan Jadhav\Desktop\aqi_prediction\data\raw\dawn\images\foggy-062.jpg,122.5,Unhealthy for Sensitive Groups,dawn
foggy-063.jpg,C:\Users\Srujan Jadhav\Desktop\aqi_prediction\data\raw\dawn\images\foggy-063.jpg,114.4,Unhealthy for Sensitive Groups,dawn
foggy-064.jpg,C:\Users\Srujan Jadhav\Desktop\aqi_prediction\data\raw\dawn\images\foggy-064.jpg,123.0,Unhealthy for Sensitive Groups,dawn
foggy-065.jpg,C:\Users\Srujan Jadhav\Desktop\aqi_prediction\data\raw\dawn\images\foggy-065.jpg,82.8,Moderate,dawn
foggy-066.jpg,C:\Users\Srujan Jadhav\Desktop\aqi_prediction\data\raw\dawn\images\foggy-066.jpg,88.8,Moderate,dawn
foggy-067.jpg,C:\Users\Srujan Jadhav\Desktop\aqi_prediction\data\raw\dawn\images\foggy-067.jpg,91.9,Moderate,dawn
foggy-068.jpg,C:\Users\Srujan Jadhav\Desktop\aqi_prediction\data\raw\dawn\images\foggy-068.jpg,100.1,Unknown,dawn
foggy-069.jpg,C:\Users\Srujan Jadhav\Desktop\aqi_prediction\data\raw\dawn\images\foggy-069.jpg,135.0,Unhealthy for Sensitive Groups,dawn
foggy-070.jpg,C:\Users\Srujan Jadhav\Desktop\aqi_prediction\data\raw\dawn\images\foggy-070.jpg,102.4,Unhealthy for Sensitive Groups,dawn
foggy-072.jpg,C:\Users\Srujan Jadhav\Desktop\aqi_prediction\data\raw\dawn\images\foggy-072.jpg,115.5,Unhealthy for Sensitive Groups,dawn
foggy-073.jpg,C:\Users\Srujan Jadhav\Desktop\aqi_prediction\data\raw\dawn\images\foggy-073.jpg,157.5,Unhealthy,dawn
foggy-074.jpg,C:\Users\Srujan Jadhav\Desktop\aqi_prediction\data\raw\dawn\images\foggy-074.jpg,116.1,Unhealthy for Sensitive Groups,dawn
foggy-075.jpg,C:\Users\Srujan Jadhav\Desktop\aqi_prediction\data\raw\dawn\images\foggy-075.jpg,143.4,Unhealthy for Sensitive Groups,dawn
foggy-076.jpg,C:\Users\Srujan Jadhav\Desktop\aqi_prediction\data\raw\dawn\images\foggy-076.jpg,101.7,Unhealthy for Sensitive Groups,dawn
foggy-077.jpg,C:\Users\Srujan Jadhav\Desktop\aqi_prediction\data\raw\dawn\images\foggy-077.jpg,119.9,Unhealthy for Sensitive Groups,dawn
foggy-078.jpg,C:\Users\Srujan Jadhav\Desktop\aqi_prediction\data\raw\dawn\images\foggy-078.jpg,101.2,Unhealthy for Sensitive Groups,dawn
foggy-079.jpg,C:\Users\Srujan Jadhav\Desktop\aqi_prediction\data\raw\dawn\images\foggy-079.jpg,116.5,Unhealthy for Sensitive Groups,dawn
foggy-080.jpg,C:\Users\Srujan Jadhav\Desktop\aqi_prediction\data\raw\dawn\images\foggy-080.jpg,146.0,Unhealthy for Sensitive Groups,dawn
foggy-081.jpg,C:\Users\Srujan Jadhav\Desktop\aqi_prediction\data\raw\dawn\images\foggy-081.jpg,81.8,Moderate,dawn
foggy-083.jpg,C:\Users\Srujan Jadhav\Desktop\aqi_prediction\data\raw\dawn\images\foggy-083.jpg,135.9,Unhealthy for Sensitive Groups,dawn
foggy-084.jpg,C:\Users\Srujan Jadhav\Desktop\aqi_prediction\data\raw\dawn\images\foggy-084.jpg,130.9,Unhealthy for Sensitive Groups,dawn
foggy-085.jpg,C:\Users\Srujan Jadhav\Desktop\aqi_prediction\data\raw\dawn\images\foggy-085.jpg,110.1,Unhealthy for Sensitive Groups,dawn
foggy-086.jpg,C:\Users\Srujan Jadhav\Desktop\aqi_prediction\data\raw\dawn\images\foggy-086.jpg,88.8,Moderate,dawn
foggy-087.jpg,C:\Users\Srujan Jadhav\Desktop\aqi_prediction\data\raw\dawn\images\foggy-087.jpg,126.8,Unhealthy for Sensitive Groups,dawn
foggy-088.jpg,C:\Users\Srujan Jadhav\Desktop\aqi_prediction\data\raw\dawn\images\foggy-088.jpg,111.8,Unhealthy for Sensitive Groups,dawn
foggy-089.jpg,C:\Users\Srujan Jadhav\Desktop\aqi_prediction\data\raw\dawn\images\foggy-089.jpg,130.8,Unhealthy for Sensitive Groups,dawn
foggy-090.jpg,C:\Users\Srujan Jadhav\Desktop\aqi_prediction\data\raw\dawn\images\foggy-090.jpg,125.5,Unhealthy for Sensitive Groups,dawn
foggy-091.jpg,C:\Users\Srujan Jadhav\Desktop\aqi_prediction\data\raw\dawn\images\foggy-091.jpg,165.0,Unhealthy,dawn
foggy-092.jpg,C:\Users\Srujan Jadhav\Desktop\aqi_prediction\data\raw\dawn\images\foggy-092.jpg,119.0,Unhealthy for Sensitive Groups,dawn
foggy-093.jpg,C:\Users\Srujan Jadhav\Desktop\aqi_prediction\data\raw\dawn\images\foggy-093.jpg,99.4,Moderate,dawn
foggy-094.jpg,C:\Users\Srujan Jadhav\Desktop\aqi_prediction\data\raw\dawn\images\foggy-094.jpg,129.5,Unhealthy for Sensitive Groups,dawn
foggy-095.jpg,C:\Users\Srujan Jadhav\Desktop\aqi_prediction\data\raw\dawn\images\foggy-095.jpg,130.5,Unhealthy for Sensitive Groups,dawn
foggy-096.jpg,C:\Users\Srujan Jadhav\Desktop\aqi_prediction\data\raw\dawn\images\foggy-096.jpg,159.0,Unhealthy,dawn
foggy-097.jpg,C:\Users\Srujan Jadhav\Desktop\aqi_prediction\data\raw\dawn\images\foggy-097.jpg,145.9,Unhealthy for Sensitive Groups,dawn
foggy-098.jpg,C:\Users\Srujan Jadhav\Desktop\aqi_prediction\data\raw\dawn\images\foggy-098.jpg,133.9,Unhealthy for Sensitive Groups,dawn
foggy-099.jpg,C:\Users\Srujan Jadhav\Desktop\aqi_prediction\data\raw\dawn\images\foggy-099.jpg,161.6,Unhealthy,dawn
foggy-100.jpg,C:\Users\Srujan Jadhav\Desktop\aqi_prediction\data\raw\dawn\images\foggy-100.jpg,95.3,Moderate,dawn
foggy-102.jpg,C:\Users\Srujan Jadhav\Desktop\aqi_prediction\data\raw\dawn\images\foggy-102.jpg,109.0,Unhealthy for Sensitive Groups,dawn
foggy-103.jpg,C:\Users\Srujan Jadhav\Desktop\aqi_prediction\data\raw\dawn\images\foggy-103.jpg,101.8,Unhealthy for Sensitive Groups,dawn
foggy-104.jpg,C:\Users\Srujan Jadhav\Desktop\aqi_prediction\data\raw\dawn\images\foggy-104.jpg,115.3,Unhealthy for Sensitive Groups,dawn
foggy-105.jpg,C:\Users\Srujan Jadhav\Desktop\aqi_prediction\data\raw\dawn\images\foggy-105.jpg,90.6,Moderate,dawn
foggy-106.jpg,C:\Users\Srujan Jadhav\Desktop\aqi_prediction\data\raw\dawn\images\foggy-106.jpg,140.9,Unhealthy for Sensitive Groups,dawn
foggy-107.jpg,C:\Users\Srujan Jadhav\Desktop\aqi_prediction\data\raw\dawn\images\foggy-107.jpg,119.4,Unhealthy for Sensitive Groups,dawn
foggy-108.jpg,C:\Users\Srujan Jadhav\Desktop\aqi_prediction\data\raw\dawn\images\foggy-108.jpg,88.2,Moderate,dawn
foggy-109.jpg,C:\Users\Srujan Jadhav\Desktop\aqi_prediction\data\raw\dawn\images\foggy-109.jpg,99.6,Moderate,dawn
foggy-111.jpg,C:\Users\Srujan Jadhav\Desktop\aqi_prediction\data\raw\dawn\images\foggy-111.jpg,132.8,Unhealthy for Sensitive Groups,dawn
foggy-112.jpg,C:\Users\Srujan Jadhav\Desktop\aqi_prediction\data\raw\dawn\images\foggy-112.jpg,146.0,Unhealthy for Sensitive Groups,dawn
foggy-113.jpg,C:\Users\Srujan Jadhav\Desktop\aqi_prediction\data\raw\dawn\images\foggy-113.jpg,174.9,Unhealthy,dawn
foggy-114.jpg,C:\Users\Srujan Jadhav\Desktop\aqi_prediction\data\raw\dawn\images\foggy-114.jpg,197.8,Unhealthy,dawn
haze-002.jpg,C:\Users\Srujan Jadhav\Desktop\aqi_prediction\data\raw\dawn\images\haze-002.jpg,187.4,Unhealthy,dawn
haze-003.jpg,C:\Users\Srujan Jadhav\Desktop\aqi_prediction\data\raw\dawn\images\haze-003.jpg,145.3,Unhealthy for Sensitive Groups,dawn
haze-004.jpg,C:\Users\Srujan Jadhav\Desktop\aqi_prediction\data\raw\dawn\images\haze-004.jpg,111.0,Unhealthy for Sensitive Groups,dawn
haze-005.jpg,C:\Users\Srujan Jadhav\Desktop\aqi_prediction\data\raw\dawn\images\haze-005.jpg,183.0,Unhealthy,dawn
haze-006.jpg,C:\Users\Srujan Jadhav\Desktop\aqi_prediction\data\raw\dawn\images\haze-006.jpg,150.6,Unknown,dawn
haze-007.jpg,C:\Users\Srujan Jadhav\Desktop\aqi_prediction\data\raw\dawn\images\haze-007.jpg,162.5,Unhealthy,dawn
haze-009.jpg,C:\Users\Srujan Jadhav\Desktop\aqi_prediction\data\raw\dawn\images\haze-009.jpg,156.6,Unhealthy,dawn
haze-010.jpg,C:\Users\Srujan Jadhav\Desktop\aqi_prediction\data\raw\dawn\images\haze-010.jpg,170.8,Unhealthy,dawn
haze-011.jpg,C:\Users\Srujan Jadhav\Desktop\aqi_prediction\data\raw\dawn\images\haze-011.jpg,207.0,Very Unhealthy,dawn
haze-012.jpg,C:\Users\Srujan Jadhav\Desktop\aqi_prediction\data\raw\dawn\images\haze-012.jpg,179.7,Unhealthy,dawn
haze-013.jpg,C:\Users\Srujan Jadhav\Desktop\aqi_prediction\data\raw\dawn\images\haze-013.jpg,170.2,Unhealthy,dawn
haze-016.jpg,C:\Users\Srujan Jadhav\Desktop\aqi_prediction\data\raw\dawn\images\haze-016.jpg,143.9,Unhealthy for Sensitive Groups,dawn
haze-018.jpg,C:\Users\Srujan Jadhav\Desktop\aqi_prediction\data\raw\dawn\images\haze-018.jpg,124.8,Unhealthy for Sensitive Groups,dawn
haze-019.jpg,C:\Users\Srujan Jadhav\Desktop\aqi_prediction\data\raw\dawn\images\haze-019.jpg,160.4,Unhealthy,dawn
haze-020.jpg,C:\Users\Srujan Jadhav\Desktop\aqi_prediction\data\raw\dawn\images\haze-020.jpg,173.4,Unhealthy,dawn
haze-021.jpg,C:\Users\Srujan Jadhav\Desktop\aqi_prediction\data\raw\dawn\images\haze-021.jpg,228.0,Very Unhealthy,dawn
haze-022.jpg,C:\Users\Srujan Jadhav\Desktop\aqi_prediction\data\raw\dawn\images\haze-022.jpg,178.9,Unhealthy,dawn
haze-023.jpg,C:\Users\Srujan Jadhav\Desktop\aqi_prediction\data\raw\dawn\images\haze-023.jpg,204.5,Very Unhealthy,dawn
haze-024.jpg,C:\Users\Srujan Jadhav\Desktop\aqi_prediction\data\raw\dawn\images\haze-024.jpg,160.0,Unhealthy,dawn
haze-026.jpg,C:\Users\Srujan Jadhav\Desktop\aqi_prediction\data\raw\dawn\images\haze-026.jpg,139.5,Unhealthy for Sensitive Groups,dawn
haze-027.jpg,C:\Users\Srujan Jadhav\Desktop\aqi_prediction\data\raw\dawn\images\haze-027.jpg,146.0,Unhealthy for Sensitive Groups,dawn
haze-028.jpg,C:\Users\Srujan Jadhav\Desktop\aqi_prediction\data\raw\dawn\images\haze-028.jpg,153.2,Unhealthy,dawn
haze-029.jpg,C:\Users\Srujan Jadhav\Desktop\aqi_prediction\data\raw\dawn\images\haze-029.jpg,238.9,Very Unhealthy,dawn
haze-030.jpg,C:\Users\Srujan Jadhav\Desktop\aqi_prediction\data\raw\dawn\images\haze-030.jpg,150.4,Unknown,dawn
haze-031.jpg,C:\Users\Srujan Jadhav\Desktop\aqi_prediction\data\raw\dawn\images\haze-031.jpg,200.2,Unknown,dawn
haze-032.jpg,C:\Users\Srujan Jadhav\Desktop\aqi_prediction\data\raw\dawn\images\haze-032.jpg,147.9,Unhealthy for Sensitive Groups,dawn
haze-033.jpg,C:\Users\Srujan Jadhav\Desktop\aqi_prediction\data\raw\dawn\images\haze-033.jpg,202.9,Very Unhealthy,dawn
haze-036.jpg,C:\Users\Srujan Jadhav\Desktop\aqi_prediction\data\raw\dawn\images\haze-036.jpg,186.5,Unhealthy,dawn
haze-037.jpg,C:\Users\Srujan Jadhav\Desktop\aqi_prediction\data\raw\dawn\images\haze-037.jpg,170.3,Unhealthy,dawn
haze-038.jpg,C:\Users\Srujan Jadhav\Desktop\aqi_prediction\data\raw\dawn\images\haze-038.jpg,173.8,Unhealthy,dawn
haze-039.jpg,C:\Users\Srujan Jadhav\Desktop\aqi_prediction\data\raw\dawn\images\haze-039.jpg,155.4,Unhealthy,dawn
haze-040.jpg,C:\Users\Srujan Jadhav\Desktop\aqi_prediction\data\raw\dawn\images\haze-040.jpg,188.4,Unhealthy,dawn
haze-041.jpg,C:\Users\Srujan Jadhav\Desktop\aqi_prediction\data\raw\dawn\images\haze-041.jpg,161.4,Unhealthy,dawn
haze-042.jpg,C:\Users\Srujan Jadhav\Desktop\aqi_prediction\data\raw\dawn\images\haze-042.jpg,138.2,Unhealthy for Sensitive Groups,dawn
haze-043.jpg,C:\Users\Srujan Jadhav\Desktop\aqi_prediction\data\raw\dawn\images\haze-043.jpg,136.7,Unhealthy for Sensitive Groups,dawn
haze-044.jpg,C:\Users\Srujan Jadhav\Desktop\aqi_prediction\data\raw\dawn\images\haze-044.jpg,180.2,Unhealthy,dawn
haze-045.jpg,C:\Users\Srujan Jadhav\Desktop\aqi_prediction\data\raw\dawn\images\haze-045.jpg,222.4,Very Unhealthy,dawn
haze-046.jpg,C:\Users\Srujan Jadhav\Desktop\aqi_prediction\data\raw\dawn\images\haze-046.jpg,179.8,Unhealthy,dawn
haze-048.jpg,C:\Users\Srujan Jadhav\Desktop\aqi_prediction\data\raw\dawn\images\haze-048.jpg,171.4,Unhealthy,dawn
haze-049.jpg,C:\Users\Srujan Jadhav\Desktop\aqi_prediction\data\raw\dawn\images\haze-049.jpg,183.6,Unhealthy,dawn
haze-050.jpg,C:\Users\Srujan Jadhav\Desktop\aqi_prediction\data\raw\dawn\images\haze-050.jpg,214.2,Very Unhealthy,dawn
haze-051.jpg,C:\Users\Srujan Jadhav\Desktop\aqi_prediction\data\raw\dawn\images\haze-051.jpg,181.6,Unhealthy,dawn
haze-053.jpg,C:\Users\Srujan Jadhav\Desktop\aqi_prediction\data\raw\dawn\images\haze-053.jpg,162.7,Unhealthy,dawn
haze-054.jpg,C:\Users\Srujan Jadhav\Desktop\aqi_prediction\data\raw\dawn\images\haze-054.jpg,208.2,Very Unhealthy,dawn
haze-056.jpg,C:\Users\Srujan Jadhav\Desktop\aqi_prediction\data\raw\dawn\images\haze-056.jpg,187.9,Unhealthy,dawn
haze-057.jpg,C:\Users\Srujan Jadhav\Desktop\aqi_prediction\data\raw\dawn\images\haze-057.jpg,221.1,Very Unhealthy,dawn
haze-058.jpg,C:\Users\Srujan Jadhav\Desktop\aqi_prediction\data\raw\dawn\images\haze-058.jpg,180.5,Unhealthy,dawn
haze-059.jpg,C:\Users\Srujan Jadhav\Desktop\aqi_prediction\data\raw\dawn\images\haze-059.jpg,138.3,Unhealthy for Sensitive Groups,dawn
haze-060.jpg,C:\Users\Srujan Jadhav\Desktop\aqi_prediction\data\raw\dawn\images\haze-060.jpg,134.0,Unhealthy for Sensitive Groups,dawn
haze-061.jpg,C:\Users\Srujan Jadhav\Desktop\aqi_prediction\data\raw\dawn\images\haze-061.jpg,224.5,Very Unhealthy,dawn
haze-063.jpg,C:\Users\Srujan Jadhav\Desktop\aqi_prediction\data\raw\dawn\images\haze-063.jpg,226.7,Very Unhealthy,dawn
haze-064.jpg,C:\Users\Srujan Jadhav\Desktop\aqi_prediction\data\raw\dawn\images\haze-064.jpg,169.6,Unhealthy,dawn
haze-065.jpg,C:\Users\Srujan Jadhav\Desktop\aqi_prediction\data\raw\dawn\images\haze-065.jpg,163.5,Unhealthy,dawn
haze-066.jpg,C:\Users\Srujan Jadhav\Desktop\aqi_prediction\data\raw\dawn\images\haze-066.jpg,218.8,Very Unhealthy,dawn
haze-067.jpg,C:\Users\Srujan Jadhav\Desktop\aqi_prediction\data\raw\dawn\images\haze-067.jpg,141.8,Unhealthy for Sensitive Groups,dawn
haze-068.jpg,C:\Users\Srujan Jadhav\Desktop\aqi_prediction\data\raw\dawn\images\haze-068.jpg,148.2,Unhealthy for Sensitive Groups,dawn
haze-069.jpg,C:\Users\Srujan Jadhav\Desktop\aqi_prediction\data\raw\dawn\images\haze-069.jpg,194.3,Unhealthy,dawn
haze-071.jpg,C:\Users\Srujan Jadhav\Desktop\aqi_prediction\data\raw\dawn\images\haze-071.jpg,163.2,Unhealthy,dawn
haze-072.jpg,C:\Users\Srujan Jadhav\Desktop\aqi_prediction\data\raw\dawn\images\haze-072.jpg,174.8,Unhealthy,dawn
haze-074.jpg,C:\Users\Srujan Jadhav\Desktop\aqi_prediction\data\raw\dawn\images\haze-074.jpg,170.1,Unhealthy,dawn
haze-075.jpg,C:\Users\Srujan Jadhav\Desktop\aqi_prediction\data\raw\dawn\images\haze-075.jpg,185.1,Unhealthy,dawn
haze-077.jpg,C:\Users\Srujan Jadhav\Desktop\aqi_prediction\data\raw\dawn\images\haze-077.jpg,217.2,Very Unhealthy,dawn
haze-078.jpg,C:\Users\Srujan Jadhav\Desktop\aqi_prediction\data\raw\dawn\images\haze-078.jpg,177.7,Unhealthy,dawn
haze-080.jpg,C:\Users\Srujan Jadhav\Desktop\aqi_prediction\data\raw\dawn\images\haze-080.jpg,194.3,Unhealthy,dawn
haze-081.jpg,C:\Users\Srujan Jadhav\Desktop\aqi_prediction\data\raw\dawn\images\haze-081.jpg,113.5,Unhealthy for Sensitive Groups,dawn
haze-082.jpg,C:\Users\Srujan Jadhav\Desktop\aqi_prediction\data\raw\dawn\images\haze-082.jpg,173.5,Unhealthy,dawn
haze-083.jpg,C:\Users\Srujan Jadhav\Desktop\aqi_prediction\data\raw\dawn\images\haze-083.jpg,149.7,Unhealthy for Sensitive Groups,dawn
haze-084.jpg,C:\Users\Srujan Jadhav\Desktop\aqi_prediction\data\raw\dawn\images\haze-084.jpg,138.4,Unhealthy for Sensitive Groups,dawn
haze-085.jpg,C:\Users\Srujan Jadhav\Desktop\aqi_prediction\data\raw\dawn\images\haze-085.jpg,148.7,Unhealthy for Sensitive Groups,dawn
haze-086.jpg,C:\Users\Srujan Jadhav\Desktop\aqi_prediction\data\raw\dawn\images\haze-086.jpg,165.0,Unhealthy,dawn
haze-087.jpg,C:\Users\Srujan Jadhav\Desktop\aqi_prediction\data\raw\dawn\images\haze-087.jpg,202.5,Very Unhealthy,dawn
haze-088.jpg,C:\Users\Srujan Jadhav\Desktop\aqi_prediction\data\raw\dawn\images\haze-088.jpg,135.2,Unhealthy for Sensitive Groups,dawn
haze-090.jpg,C:\Users\Srujan Jadhav\Desktop\aqi_prediction\data\raw\dawn\images\haze-090.jpg,175.9,Unhealthy,dawn
haze-091.jpg,C:\Users\Srujan Jadhav\Desktop\aqi_prediction\data\raw\dawn\images\haze-091.jpg,160.5,Unhealthy,dawn
haze-092.jpg,C:\Users\Srujan Jadhav\Desktop\aqi_prediction\data\raw\dawn\images\haze-092.jpg,165.2,Unhealthy,dawn
haze-093.jpg,C:\Users\Srujan Jadhav\Desktop\aqi_prediction\data\raw\dawn\images\haze-093.jpg,205.1,Very Unhealthy,dawn
haze-094.jpg,C:\Users\Srujan Jadhav\Desktop\aqi_prediction\data\raw\dawn\images\haze-094.jpg,191.1,Unhealthy,dawn
haze-095.jpg,C:\Users\Srujan Jadhav\Desktop\aqi_prediction\data\raw\dawn\images\haze-095.jpg,215.1,Very Unhealthy,dawn
haze-096.jpg,C:\Users\Srujan Jadhav\Desktop\aqi_prediction\data\raw\dawn\images\haze-096.jpg,170.4,Unhealthy,dawn
haze-097.jpg,C:\Users\Srujan Jadhav\Desktop\aqi_prediction\data\raw\dawn\images\haze-097.jpg,154.1,Unhealthy,dawn
haze-098.jpg,C:\Users\Srujan Jadhav\Desktop\aqi_prediction\data\raw\dawn\images\haze-098.jpg,168.3,Unhealthy,dawn
haze-099.jpg,C:\Users\Srujan Jadhav\Desktop\aqi_prediction\data\raw\dawn\images\haze-099.jpg,182.3,Unhealthy,dawn
haze-100.jpg,C:\Users\Srujan Jadhav\Desktop\aqi_prediction\data\raw\dawn\images\haze-100.jpg,180.3,Unhealthy,dawn
haze-101.jpg,C:\Users\Srujan Jadhav\Desktop\aqi_prediction\data\raw\dawn\images\haze-101.jpg,142.5,Unhealthy for Sensitive Groups,dawn
haze-102.jpg,C:\Users\Srujan Jadhav\Desktop\aqi_prediction\data\raw\dawn\images\haze-102.jpg,177.7,Unhealthy,dawn
haze-103.jpg,C:\Users\Srujan Jadhav\Desktop\aqi_prediction\data\raw\dawn\images\haze-103.jpg,181.8,Unhealthy,dawn
haze-104.jpg,C:\Users\Srujan Jadhav\Desktop\aqi_prediction\data\raw\dawn\images\haze-104.jpg,250.5,Very Unhealthy,dawn
haze-105.jpg,C:\Users\Srujan Jadhav\Desktop\aqi_prediction\data\raw\dawn\images\haze-105.jpg,231.3,Very Unhealthy,dawn
haze-106.jpg,C:\Users\Srujan Jadhav\Desktop\aqi_prediction\data\raw\dawn\images\haze-106.jpg,149.4,Unhealthy for Sensitive Groups,dawn
haze-109.jpg,C:\Users\Srujan Jadhav\Desktop\aqi_prediction\data\raw\dawn\images\haze-109.jpg,166.4,Unhealthy,dawn
haze-110.jpg,C:\Users\Srujan Jadhav\Desktop\aqi_prediction\data\raw\dawn\images\haze-110.jpg,131.1,Unhealthy for Sensitive Groups,dawn
haze-111.jpg,C:\Users\Srujan Jadhav\Desktop\aqi_prediction\data\raw\dawn\images\haze-111.jpg,157.3,Unhealthy,dawn
haze-112.jpg,C:\Users\Srujan Jadhav\Desktop\aqi_prediction\data\raw\dawn\images\haze-112.jpg,184.5,Unhealthy,dawn
haze-115.jpg,C:\Users\Srujan Jadhav\Desktop\aqi_prediction\data\raw\dawn\images\haze-115.jpg,211.2,Very Unhealthy,dawn
haze-119.jpg,C:\Users\Srujan Jadhav\Desktop\aqi_prediction\data\raw\dawn\images\haze-119.jpg,153.1,Unhealthy,dawn
haze-120.jpg,C:\Users\Srujan Jadhav\Desktop\aqi_prediction\data\raw\dawn\images\haze-120.jpg,155.4,Unhealthy,dawn
haze-121.jpg,C:\Users\Srujan Jadhav\Desktop\aqi_prediction\data\raw\dawn\images\haze-121.jpg,110.6,Unhealthy for Sensitive Groups,dawn
haze-122.jpg,C:\Users\Srujan Jadhav\Desktop\aqi_prediction\data\raw\dawn\images\haze-122.jpg,170.1,Unhealthy,dawn
haze-124.jpg,C:\Users\Srujan Jadhav\Desktop\aqi_prediction\data\raw\dawn\images\haze-124.jpg,143.1,Unhealthy for Sensitive Groups,dawn
haze-126.jpg,C:\Users\Srujan Jadhav\Desktop\aqi_prediction\data\raw\dawn\images\haze-126.jpg,159.1,Unhealthy,dawn
haze-128.jpg,C:\Users\Srujan Jadhav\Desktop\aqi_prediction\data\raw\dawn\images\haze-128.jpg,148.7,Unhealthy for Sensitive Groups,dawn
haze-129.jpg,C:\Users\Srujan Jadhav\Desktop\aqi_prediction\data\raw\dawn\images\haze-129.jpg,172.2,Unhealthy,dawn
haze-130.jpg,C:\Users\Srujan Jadhav\Desktop\aqi_prediction\data\raw\dawn\images\haze-130.jpg,122.3,Unhealthy for Sensitive Groups,dawn
haze-132.jpg,C:\Users\Srujan Jadhav\Desktop\aqi_prediction\data\raw\dawn\images\haze-132.jpg,131.0,Unhealthy for Sensitive Groups,dawn
haze-134.jpg,C:\Users\Srujan Jadhav\Desktop\aqi_prediction\data\raw\dawn\images\haze-134.jpg,238.9,Very Unhealthy,dawn
haze-135.jpg,C:\Users\Srujan Jadhav\Desktop\aqi_prediction\data\raw\dawn\images\haze-135.jpg,136.4,Unhealthy for Sensitive Groups,dawn
haze-136.jpg,C:\Users\Srujan Jadhav\Desktop\aqi_prediction\data\raw\dawn\images\haze-136.jpg,142.1,Unhealthy for Sensitive Groups,dawn
haze-139.jpg,C:\Users\Srujan Jadhav\Desktop\aqi_prediction\data\raw\dawn\images\haze-139.jpg,230.1,Very Unhealthy,dawn
haze-141.jpg,C:\Users\Srujan Jadhav\Desktop\aqi_prediction\data\raw\dawn\images\haze-141.jpg,262.2,Very Unhealthy,dawn
haze-142.jpg,C:\Users\Srujan Jadhav\Desktop\aqi_prediction\data\raw\dawn\images\haze-142.jpg,139.9,Unhealthy for Sensitive Groups,dawn
haze-145.jpg,C:\Users\Srujan Jadhav\Desktop\aqi_prediction\data\raw\dawn\images\haze-145.jpg,164.0,Unhealthy,dawn
haze-148.jpg,C:\Users\Srujan Jadhav\Desktop\aqi_prediction\data\raw\dawn\images\haze-148.jpg,185.2,Unhealthy,dawn
haze-149.jpg,C:\Users\Srujan Jadhav\Desktop\aqi_prediction\data\raw\dawn\images\haze-149.jpg,226.9,Very Unhealthy,dawn
haze-150.jpg,C:\Users\Srujan Jadhav\Desktop\aqi_prediction\data\raw\dawn\images\haze-150.jpg,145.4,Unhealthy for Sensitive Groups,dawn
mist-001.jpg,C:\Users\Srujan Jadhav\Desktop\aqi_prediction\data\raw\dawn\images\mist-001.jpg,70.1,Moderate,dawn
mist-002.jpg,C:\Users\Srujan Jadhav\Desktop\aqi_prediction\data\raw\dawn\images\mist-002.jpg,90.5,Moderate,dawn
mist-003.jpg,C:\Users\Srujan Jadhav\Desktop\aqi_prediction\data\raw\dawn\images\mist-003.jpg,83.7,Moderate,dawn
mist-009.jpg,C:\Users\Srujan Jadhav\Desktop\aqi_prediction\data\raw\dawn\images\mist-009.jpg,67.5,Moderate,dawn
mist-013.jpg,C:\Users\Srujan Jadhav\Desktop\aqi_prediction\data\raw\dawn\images\mist-013.jpg,72.3,Moderate,dawn
mist-015.jpg,C:\Users\Srujan Jadhav\Desktop\aqi_prediction\data\raw\dawn\images\mist-015.jpg,47.5,Good,dawn
mist-016.jpg,C:\Users\Srujan Jadhav\Desktop\aqi_prediction\data\raw\dawn\images\mist-016.jpg,70.2,Moderate,dawn
mist-019.jpg,C:\Users\Srujan Jadhav\Desktop\aqi_prediction\data\raw\dawn\images\mist-019.jpg,69.7,Moderate,dawn
mist-020.jpg,C:\Users\Srujan Jadhav\Desktop\aqi_prediction\data\raw\dawn\images\mist-020.jpg,79.6,Moderate,dawn
mist-021.jpg,C:\Users\Srujan Jadhav\Desktop\aqi_prediction\data\raw\dawn\images\mist-021.jpg,63.9,Moderate,dawn
mist-023.jpg,C:\Users\Srujan Jadhav\Desktop\aqi_prediction\data\raw\dawn\images\mist-023.jpg,84.4,Moderate,dawn
mist-024.jpg,C:\Users\Srujan Jadhav\Desktop\aqi_prediction\data\raw\dawn\images\mist-024.jpg,95.3,Moderate,dawn
mist-027.jpg,C:\Users\Srujan Jadhav\Desktop\aqi_prediction\data\raw\dawn\images\mist-027.jpg,78.1,Moderate,dawn
mist-030.jpg,C:\Users\Srujan Jadhav\Desktop\aqi_prediction\data\raw\dawn\images\mist-030.jpg,82.0,Moderate,dawn
mist-033.jpg,C:\Users\Srujan Jadhav\Desktop\aqi_prediction\data\raw\dawn\images\mist-033.jpg,76.1,Moderate,dawn
mist-034.jpg,C:\Users\Srujan Jadhav\Desktop\aqi_prediction\data\raw\dawn\images\mist-034.jpg,75.0,Moderate,dawn
mist-035.jpg,C:\Users\Srujan Jadhav\Desktop\aqi_prediction\data\raw\dawn\images\mist-035.jpg,60.6,Moderate,dawn
mist-039.jpg,C:\Users\Srujan Jadhav\Desktop\aqi_prediction\data\raw\dawn\images\mist-039.jpg,81.3,Moderate,dawn
mist-041.jpg,C:\Users\Srujan Jadhav\Desktop\aqi_prediction\data\raw\dawn\images\mist-041.jpg,73.1,Moderate,dawn
mist-042.jpg,C:\Users\Srujan Jadhav\Desktop\aqi_prediction\data\raw\dawn\images\mist-042.jpg,116.9,Unhealthy for Sensitive Groups,dawn
mist-043.jpg,C:\Users\Srujan Jadhav\Desktop\aqi_prediction\data\raw\dawn\images\mist-043.jpg,106.5,Unhealthy for Sensitive Groups,dawn
mist-046.jpg,C:\Users\Srujan Jadhav\Desktop\aqi_prediction\data\raw\dawn\images\mist-046.jpg,82.7,Moderate,dawn
mist-048.jpg,C:\Users\Srujan Jadhav\Desktop\aqi_prediction\data\raw\dawn\images\mist-048.jpg,59.7,Moderate,dawn
mist-049.jpg,C:\Users\Srujan Jadhav\Desktop\aqi_prediction\data\raw\dawn\images\mist-049.jpg,52.8,Moderate,dawn
mist-052.jpg,C:\Users\Srujan Jadhav\Desktop\aqi_prediction\data\raw\dawn\images\mist-052.jpg,98.8,Moderate,dawn
mist-053.jpg,C:\Users\Srujan Jadhav\Desktop\aqi_prediction\data\raw\dawn\images\mist-053.jpg,80.3,Moderate,dawn
mist-057.jpg,C:\Users\Srujan Jadhav\Desktop\aqi_prediction\data\raw\dawn\images\mist-057.jpg,84.6,Moderate,dawn
mist-059.jpg,C:\Users\Srujan Jadhav\Desktop\aqi_prediction\data\raw\dawn\images\mist-059.jpg,40.1,Good,dawn
mist-061.jpg,C:\Users\Srujan Jadhav\Desktop\aqi_prediction\data\raw\dawn\images\mist-061.jpg,93.5,Moderate,dawn
mist-062.jpg,C:\Users\Srujan Jadhav\Desktop\aqi_prediction\data\raw\dawn\images\mist-062.jpg,84.1,Moderate,dawn
mist-063.jpg,C:\Users\Srujan Jadhav\Desktop\aqi_prediction\data\raw\dawn\images\mist-063.jpg,52.8,Moderate,dawn
mist-064.jpg,C:\Users\Srujan Jadhav\Desktop\aqi_prediction\data\raw\dawn\images\mist-064.jpg,65.6,Moderate,dawn
mist-067.jpg,C:\Users\Srujan Jadhav\Desktop\aqi_prediction\data\raw\dawn\images\mist-067.jpg,80.3,Moderate,dawn
mist-068.jpg,C:\Users\Srujan Jadhav\Desktop\aqi_prediction\data\raw\dawn\images\mist-068.jpg,76.0,Moderate,dawn
mist-071.jpg,C:\Users\Srujan Jadhav\Desktop\aqi_prediction\data\raw\dawn\images\mist-071.jpg,69.2,Moderate,dawn
mist-072.jpg,C:\Users\Srujan Jadhav\Desktop\aqi_prediction\data\raw\dawn\images\mist-072.jpg,72.9,Moderate,dawn
mist-074.jpg,C:\Users\Srujan Jadhav\Desktop\aqi_prediction\data\raw\dawn\images\mist-074.jpg,70.0,Moderate,dawn
mist-075.jpg,C:\Users\Srujan Jadhav\Desktop\aqi_prediction\data\raw\dawn\images\mist-075.jpg,78.1,Moderate,dawn
mist-080.jpg,C:\Users\Srujan Jadhav\Desktop\aqi_prediction\data\raw\dawn\images\mist-080.jpg,104.4,Unhealthy for Sensitive Groups,dawn
mist-084.jpg,C:\Users\Srujan Jadhav\Desktop\aqi_prediction\data\raw\dawn\images\mist-084.jpg,23.7,Good,dawn
mist-088.jpg,C:\Users\Srujan Jadhav\Desktop\aqi_prediction\data\raw\dawn\images\mist-088.jpg,70.3,Moderate,dawn
mist-098.jpg,C:\Users\Srujan Jadhav\Desktop\aqi_prediction\data\raw\dawn\images\mist-098.jpg,78.5,Moderate,dawn
mist-101.jpg,C:\Users\Srujan Jadhav\Desktop\aqi_prediction\data\raw\dawn\images\mist-101.jpg,80.9,Moderate,dawn
mist-105.jpg,C:\Users\Srujan Jadhav\Desktop\aqi_prediction\data\raw\dawn\images\mist-105.jpg,67.6,Moderate,dawn
mist-109.jpg,C:\Users\Srujan Jadhav\Desktop\aqi_prediction\data\raw\dawn\images\mist-109.jpg,39.9,Good,dawn
mist-110.jpg,C:\Users\Srujan Jadhav\Desktop\aqi_prediction\data\raw\dawn\images\mist-110.jpg,81.6,Moderate,dawn
mist-111.jpg,C:\Users\Srujan Jadhav\Desktop\aqi_prediction\data\raw\dawn\images\mist-111.jpg,109.5,Unhealthy for Sensitive Groups,dawn
mist-114.jpg,C:\Users\Srujan Jadhav\Desktop\aqi_prediction\data\raw\dawn\images\mist-114.jpg,44.3,Good,dawn
mist-115.jpg,C:\Users\Srujan Jadhav\Desktop\aqi_prediction\data\raw\dawn\images\mist-115.jpg,92.3,Moderate,dawn
mist-117.jpg,C:\Users\Srujan Jadhav\Desktop\aqi_prediction\data\raw\dawn\images\mist-117.jpg,68.4,Moderate,dawn
mist-119.jpg,C:\Users\Srujan Jadhav\Desktop\aqi_prediction\data\raw\dawn\images\mist-119.jpg,73.8,Moderate,dawn
mist-120.jpg,C:\Users\Srujan Jadhav\Desktop\aqi_prediction\data\raw\dawn\images\mist-120.jpg,53.9,Moderate,dawn
mist-121.jpg,C:\Users\Srujan Jadhav\Desktop\aqi_prediction\data\raw\dawn\images\mist-121.jpg,68.3,Moderate,dawn
mist-122.jpg,C:\Users\Srujan Jadhav\Desktop\aqi_prediction\data\raw\dawn\images\mist-122.jpg,101.0,Unhealthy for Sensitive Groups,dawn
mist-123.jpg,C:\Users\Srujan Jadhav\Desktop\aqi_prediction\data\raw\dawn\images\mist-123.jpg,86.7,Moderate,dawn
mist-124.jpg,C:\Users\Srujan Jadhav\Desktop\aqi_prediction\data\raw\dawn\images\mist-124.jpg,109.6,Unhealthy for Sensitive Groups,dawn
mist-133.jpg,C:\Users\Srujan Jadhav\Desktop\aqi_prediction\data\raw\dawn\images\mist-133.jpg,98.5,Moderate,dawn
mist-137.jpg,C:\Users\Srujan Jadhav\Desktop\aqi_prediction\data\raw\dawn\images\mist-137.jpg,83.8,Moderate,dawn
mist-138.jpg,C:\Users\Srujan Jadhav\Desktop\aqi_prediction\data\raw\dawn\images\mist-138.jpg,109.9,Unhealthy for Sensitive Groups,dawn
mist-140.jpg,C:\Users\Srujan Jadhav\Desktop\aqi_prediction\data\raw\dawn\images\mist-140.jpg,83.8,Moderate,dawn
mist-141.jpg,C:\Users\Srujan Jadhav\Desktop\aqi_prediction\data\raw\dawn\images\mist-141.jpg,91.6,Moderate,dawn
mist-142.jpg,C:\Users\Srujan Jadhav\Desktop\aqi_prediction\data\raw\dawn\images\mist-142.jpg,69.1,Moderate,dawn
mist-143.jpg,C:\Users\Srujan Jadhav\Desktop\aqi_prediction\data\raw\dawn\images\mist-143.jpg,76.3,Moderate,dawn
mist-145.jpg,C:\Users\Srujan Jadhav\Desktop\aqi_prediction\data\raw\dawn\images\mist-145.jpg,61.1,Moderate,dawn
mist-147.jpg,C:\Users\Srujan Jadhav\Desktop\aqi_prediction\data\raw\dawn\images\mist-147.jpg,94.8,Moderate,dawn
mist-148.jpg,C:\Users\Srujan Jadhav\Desktop\aqi_prediction\data\raw\dawn\images\mist-148.jpg,51.4,Moderate,dawn
mist-149.jpg,C:\Users\Srujan Jadhav\Desktop\aqi_prediction\data\raw\dawn\images\mist-149.jpg,90.6,Moderate,dawn
mist-150.jpg,C:\Users\Srujan Jadhav\Desktop\aqi_prediction\data\raw\dawn\images\mist-150.jpg,71.2,Moderate,dawn
mist-152.jpg,C:\Users\Srujan Jadhav\Desktop\aqi_prediction\data\raw\dawn\images\mist-152.jpg,98.4,Moderate,dawn
mist-158.jpg,C:\Users\Srujan Jadhav\Desktop\aqi_prediction\data\raw\dawn\images\mist-158.jpg,90.0,Moderate,dawn
mist-161.jpg,C:\Users\Srujan Jadhav\Desktop\aqi_prediction\data\raw\dawn\images\mist-161.jpg,111.4,Unhealthy for Sensitive Groups,dawn
mist-163.jpg,C:\Users\Srujan Jadhav\Desktop\aqi_prediction\data\raw\dawn\images\mist-163.jpg,89.6,Moderate,dawn
mist-168.jpg,C:\Users\Srujan Jadhav\Desktop\aqi_prediction\data\raw\dawn\images\mist-168.jpg,43.6,Good,dawn
mist-176.jpg,C:\Users\Srujan Jadhav\Desktop\aqi_prediction\data\raw\dawn\images\mist-176.jpg,73.7,Moderate,dawn
mist-180.jpg,C:\Users\Srujan Jadhav\Desktop\aqi_prediction\data\raw\dawn\images\mist-180.jpg,51.6,Moderate,dawn
mist-189.jpg,C:\Users\Srujan Jadhav\Desktop\aqi_prediction\data\raw\dawn\images\mist-189.jpg,64.6,Moderate,dawn
mist-190.jpg,C:\Users\Srujan Jadhav\Desktop\aqi_prediction\data\raw\dawn\images\mist-190.jpg,105.2,Unhealthy for Sensitive Groups,dawn
mist-922.jpg,C:\Users\Srujan Jadhav\Desktop\aqi_prediction\data\raw\dawn\images\mist-922.jpg,87.8,Moderate,dawn
mist-938.jpg,C:\Users\Srujan Jadhav\Desktop\aqi_prediction\data\raw\dawn\images\mist-938.jpg,61.0,Moderate,dawn
mist-955.jpg,C:\Users\Srujan Jadhav\Desktop\aqi_prediction\data\raw\dawn\images\mist-955.jpg,54.7,Moderate,dawn
mist-966.jpg,C:\Users\Srujan Jadhav\Desktop\aqi_prediction\data\raw\dawn\images\mist-966.jpg,75.7,Moderate,dawn
mist-971.jpg,C:\Users\Srujan Jadhav\Desktop\aqi_prediction\data\raw\dawn\images\mist-971.jpg,50.7,Unknown,dawn
rain_storm-001.jpg,C:\Users\Srujan Jadhav\Desktop\aqi_prediction\data\raw\dawn\images\rain_storm-001.jpg,66.6,Moderate,dawn
rain_storm-002.jpg,C:\Users\Srujan Jadhav\Desktop\aqi_prediction\data\raw\dawn\images\rain_storm-002.jpg,86.2,Moderate,dawn
rain_storm-003.jpg,C:\Users\Srujan Jadhav\Desktop\aqi_prediction\data\raw\dawn\images\rain_storm-003.jpg,103.1,Unhealthy for Sensitive Groups,dawn
rain_storm-004.jpg,C:\Users\Srujan Jadhav\Desktop\aqi_prediction\data\raw\dawn\images\rain_storm-004.jpg,92.2,Moderate,dawn
rain_storm-005.jpg,C:\Users\Srujan Jadhav\Desktop\aqi_prediction\data\raw\dawn\images\rain_storm-005.jpg,34.2,Good,dawn
rain_storm-006.jpg,C:\Users\Srujan Jadhav\Desktop\aqi_prediction\data\raw\dawn\images\rain_storm-006.jpg,86.1,Moderate,dawn
rain_storm-007.jpg,C:\Users\Srujan Jadhav\Desktop\aqi_prediction\data\raw\dawn\images\rain_storm-007.jpg,81.4,Moderate,dawn
rain_storm-008.jpg,C:\Users\Srujan Jadhav\Desktop\aqi_prediction\data\raw\dawn\images\rain_storm-008.jpg,88.3,Moderate,dawn
rain_storm-009.jpg,C:\Users\Srujan Jadhav\Desktop\aqi_prediction\data\raw\dawn\images\rain_storm-009.jpg,112.3,Unhealthy for Sensitive Groups,dawn
rain_storm-010.jpg,C:\Users\Srujan Jadhav\Desktop\aqi_prediction\data\raw\dawn\images\rain_storm-010.jpg,38.7,Good,dawn
rain_storm-011.jpg,C:\Users\Srujan Jadhav\Desktop\aqi_prediction\data\raw\dawn\images\rain_storm-011.jpg,68.2,Moderate,dawn
rain_storm-012.jpg,C:\Users\Srujan Jadhav\Desktop\aqi_prediction\data\raw\dawn\images\rain_storm-012.jpg,91.8,Moderate,dawn
rain_storm-013.jpg,C:\Users\Srujan Jadhav\Desktop\aqi_prediction\data\raw\dawn\images\rain_storm-013.jpg,48.4,Good,dawn
rain_storm-014.jpg,C:\Users\Srujan Jadhav\Desktop\aqi_prediction\data\raw\dawn\images\rain_storm-014.jpg,109.5,Unhealthy for Sensitive Groups,dawn
rain_storm-015.jpg,C:\Users\Srujan Jadhav\Desktop\aqi_prediction\data\raw\dawn\images\rain_storm-015.jpg,87.4,Moderate,dawn
rain_storm-016.jpg,C:\Users\Srujan Jadhav\Desktop\aqi_prediction\data\raw\dawn\images\rain_storm-016.jpg,96.9,Moderate,dawn
rain_storm-017.jpg,C:\Users\Srujan Jadhav\Desktop\aqi_prediction\data\raw\dawn\images\rain_storm-017.jpg,68.6,Moderate,dawn
rain_storm-018.jpg,C:\Users\Srujan Jadhav\Desktop\aqi_prediction\data\raw\dawn\images\rain_storm-018.jpg,96.3,Moderate,dawn
rain_storm-019.jpg,C:\Users\Srujan Jadhav\Desktop\aqi_prediction\data\raw\dawn\images\rain_storm-019.jpg,101.4,Unhealthy for Sensitive Groups,dawn
rain_storm-020.jpg,C:\Users\Srujan Jadhav\Desktop\aqi_prediction\data\raw\dawn\images\rain_storm-020.jpg,84.7,Moderate,dawn
rain_storm-022.jpg,C:\Users\Srujan Jadhav\Desktop\aqi_prediction\data\raw\dawn\images\rain_storm-022.jpg,84.7,Moderate,dawn
rain_storm-026.jpg,C:\Users\Srujan Jadhav\Desktop\aqi_prediction\data\raw\dawn\images\rain_storm-026.jpg,85.4,Moderate,dawn
rain_storm-030.jpg,C:\Users\Srujan Jadhav\Desktop\aqi_prediction\data\raw\dawn\images\rain_storm-030.jpg,62.7,Moderate,dawn
rain_storm-034.jpg,C:\Users\Srujan Jadhav\Desktop\aqi_prediction\data\raw\dawn\images\rain_storm-034.jpg,77.0,Moderate,dawn
rain_storm-038.jpg,C:\Users\Srujan Jadhav\Desktop\aqi_prediction\data\raw\dawn\images\rain_storm-038.jpg,76.9,Moderate,dawn
rain_storm-042.jpg,C:\Users\Srujan Jadhav\Desktop\aqi_prediction\data\raw\dawn\images\rain_storm-042.jpg,87.7,Moderate,dawn
rain_storm-046.jpg,C:\Users\Srujan Jadhav\Desktop\aqi_prediction\data\raw\dawn\images\rain_storm-046.jpg,100.0,Moderate,dawn
rain_storm-050.jpg,C:\Users\Srujan Jadhav\Desktop\aqi_prediction\data\raw\dawn\images\rain_storm-050.jpg,58.8,Moderate,dawn
rain_storm-054.jpg,C:\Users\Srujan Jadhav\Desktop\aqi_prediction\data\raw\dawn\images\rain_storm-054.jpg,77.5,Moderate,dawn
rain_storm-058.jpg,C:\Users\Srujan Jadhav\Desktop\aqi_prediction\data\raw\dawn\images\rain_storm-058.jpg,109.6,Unhealthy for Sensitive Groups,dawn
rain_storm-062.jpg,C:\Users\Srujan Jadhav\Desktop\aqi_prediction\data\raw\dawn\images\rain_storm-062.jpg,65.1,Moderate,dawn
rain_storm-066.jpg,C:\Users\Srujan Jadhav\Desktop\aqi_prediction\data\raw\dawn\images\rain_storm-066.jpg,63.6,Moderate,dawn
rain_storm-070.jpg,C:\Users\Srujan Jadhav\Desktop\aqi_prediction\data\raw\dawn\images\rain_storm-070.jpg,84.0,Moderate,dawn
rain_storm-074.jpg,C:\Users\Srujan Jadhav\Desktop\aqi_prediction\data\raw\dawn\images\rain_storm-074.jpg,96.9,Moderate,dawn
rain_storm-078.jpg,C:\Users\Srujan Jadhav\Desktop\aqi_prediction\data\raw\dawn\images\rain_storm-078.jpg,80.2,Moderate,dawn
rain_storm-082.jpg,C:\Users\Srujan Jadhav\Desktop\aqi_prediction\data\raw\dawn\images\rain_storm-082.jpg,106.6,Unhealthy for Sensitive Groups,dawn
rain_storm-086.jpg,C:\Users\Srujan Jadhav\Desktop\aqi_prediction\data\raw\dawn\images\rain_storm-086.jpg,97.1,Moderate,dawn
rain_storm-090.jpg,C:\Users\Srujan Jadhav\Desktop\aqi_prediction\data\raw\dawn\images\rain_storm-090.jpg,96.8,Moderate,dawn
rain_storm-094.jpg,C:\Users\Srujan Jadhav\Desktop\aqi_prediction\data\raw\dawn\images\rain_storm-094.jpg,91.1,Moderate,dawn
rain_storm-105.jpg,C:\Users\Srujan Jadhav\Desktop\aqi_prediction\data\raw\dawn\images\rain_storm-105.jpg,126.6,Unhealthy for Sensitive Groups,dawn
rain_storm-106.jpg,C:\Users\Srujan Jadhav\Desktop\aqi_prediction\data\raw\dawn\images\rain_storm-106.jpg,75.9,Moderate,dawn
rain_storm-110.jpg,C:\Users\Srujan Jadhav\Desktop\aqi_prediction\data\raw\dawn\images\rain_storm-110.jpg,39.9,Good,dawn
rain_storm-114.jpg,C:\Users\Srujan Jadhav\Desktop\aqi_prediction\data\raw\dawn\images\rain_storm-114.jpg,112.1,Unhealthy for Sensitive Groups,dawn
rain_storm-118.jpg,C:\Users\Srujan Jadhav\Desktop\aqi_prediction\data\raw\dawn\images\rain_storm-118.jpg,70.8,Moderate,dawn
rain_storm-122.jpg,C:\Users\Srujan Jadhav\Desktop\aqi_prediction\data\raw\dawn\images\rain_storm-122.jpg,82.2,Moderate,dawn
rain_storm-126.jpg,C:\Users\Srujan Jadhav\Desktop\aqi_prediction\data\raw\dawn\images\rain_storm-126.jpg,106.2,Unhealthy for Sensitive Groups,dawn
rain_storm-130.jpg,C:\Users\Srujan Jadhav\Desktop\aqi_prediction\data\raw\dawn\images\rain_storm-130.jpg,48.0,Good,dawn
rain_storm-134.jpg,C:\Users\Srujan Jadhav\Desktop\aqi_prediction\data\raw\dawn\images\rain_storm-134.jpg,55.0,Moderate,dawn
rain_storm-138.jpg,C:\Users\Srujan Jadhav\Desktop\aqi_prediction\data\raw\dawn\images\rain_storm-138.jpg,48.0,Good,dawn
rain_storm-142.jpg,C:\Users\Srujan Jadhav\Desktop\aqi_prediction\data\raw\dawn\images\rain_storm-142.jpg,64.1,Moderate,dawn
rain_storm-146.jpg,C:\Users\Srujan Jadhav\Desktop\aqi_prediction\data\raw\dawn\images\rain_storm-146.jpg,88.8,Moderate,dawn
rain_storm-150.jpg,C:\Users\Srujan Jadhav\Desktop\aqi_prediction\data\raw\dawn\images\rain_storm-150.jpg,90.5,Moderate,dawn
rain_storm-154.jpg,C:\Users\Srujan Jadhav\Desktop\aqi_prediction\data\raw\dawn\images\rain_storm-154.jpg,85.5,Moderate,dawn
rain_storm-158.jpg,C:\Users\Srujan Jadhav\Desktop\aqi_prediction\data\raw\dawn\images\rain_storm-158.jpg,51.7,Moderate,dawn
rain_storm-162.jpg,C:\Users\Srujan Jadhav\Desktop\aqi_prediction\data\raw\dawn\images\rain_storm-162.jpg,33.8,Good,dawn
rain_storm-168.jpg,C:\Users\Srujan Jadhav\Desktop\aqi_prediction\data\raw\dawn\images\rain_storm-168.jpg,81.1,Moderate,dawn
rain_storm-172.jpg,C:\Users\Srujan Jadhav\Desktop\aqi_prediction\data\raw\dawn\images\rain_storm-172.jpg,70.6,Moderate,dawn
rain_storm-176.jpg,C:\Users\Srujan Jadhav\Desktop\aqi_prediction\data\raw\dawn\images\rain_storm-176.jpg,89.2,Moderate,dawn
rain_storm-180.jpg,C:\Users\Srujan Jadhav\Desktop\aqi_prediction\data\raw\dawn\images\rain_storm-180.jpg,94.0,Moderate,dawn
rain_storm-186.jpg,C:\Users\Srujan Jadhav\Desktop\aqi_prediction\data\raw\dawn\images\rain_storm-186.jpg,82.8,Moderate,dawn
rain_storm-191.jpg,C:\Users\Srujan Jadhav\Desktop\aqi_prediction\data\raw\dawn\images\rain_storm-191.jpg,95.2,Moderate,dawn
rain_storm-195.jpg,C:\Users\Srujan Jadhav\Desktop\aqi_prediction\data\raw\dawn\images\rain_storm-195.jpg,84.6,Moderate,dawn
rain_storm-199.jpg,C:\Users\Srujan Jadhav\Desktop\aqi_prediction\data\raw\dawn\images\rain_storm-199.jpg,90.6,Moderate,dawn
rain_storm-203.jpg,C:\Users\Srujan Jadhav\Desktop\aqi_prediction\data\raw\dawn\images\rain_storm-203.jpg,65.9,Moderate,dawn
rain_storm-207.jpg,C:\Users\Srujan Jadhav\Desktop\aqi_prediction\data\raw\dawn\images\rain_storm-207.jpg,76.4,Moderate,dawn
rain_storm-213.jpg,C:\Users\Srujan Jadhav\Desktop\aqi_prediction\data\raw\dawn\images\rain_storm-213.jpg,83.9,Moderate,dawn
rain_storm-219.jpg,C:\Users\Srujan Jadhav\Desktop\aqi_prediction\data\raw\dawn\images\rain_storm-219.jpg,96.4,Moderate,dawn
rain_storm-225.jpg,C:\Users\Srujan Jadhav\Desktop\aqi_prediction\data\raw\dawn\images\rain_storm-225.jpg,72.1,Moderate,dawn
rain_storm-229.jpg,C:\Users\Srujan Jadhav\Desktop\aqi_prediction\data\raw\dawn\images\rain_storm-229.jpg,90.4,Moderate,dawn
rain_storm-233.jpg,C:\Users\Srujan Jadhav\Desktop\aqi_prediction\data\raw\dawn\images\rain_storm-233.jpg,74.7,Moderate,dawn
rain_storm-237.jpg,C:\Users\Srujan Jadhav\Desktop\aqi_prediction\data\raw\dawn\images\rain_storm-237.jpg,77.6,Moderate,dawn
rain_storm-241.jpg,C:\Users\Srujan Jadhav\Desktop\aqi_prediction\data\raw\dawn\images\rain_storm-241.jpg,96.6,Moderate,dawn
rain_storm-245.jpg,C:\Users\Srujan Jadhav\Desktop\aqi_prediction\data\raw\dawn\images\rain_storm-245.jpg,40.1,Good,dawn
rain_storm-249.jpg,C:\Users\Srujan Jadhav\Desktop\aqi_prediction\data\raw\dawn\images\rain_storm-249.jpg,54.1,Moderate,dawn
rain_storm-253.jpg,C:\Users\Srujan Jadhav\Desktop\aqi_prediction\data\raw\dawn\images\rain_storm-253.jpg,50.4,Unknown,dawn
rain_storm-257.jpg,C:\Users\Srujan Jadhav\Desktop\aqi_prediction\data\raw\dawn\images\rain_storm-257.jpg,33.3,Good,dawn
rain_storm-261.jpg,C:\Users\Srujan Jadhav\Desktop\aqi_prediction\data\raw\dawn\images\rain_storm-261.jpg,66.4,Moderate,dawn
rain_storm-265.jpg,C:\Users\Srujan Jadhav\Desktop\aqi_prediction\data\raw\dawn\images\rain_storm-265.jpg,95.0,Moderate,dawn
rain_storm-269.jpg,C:\Users\Srujan Jadhav\Desktop\aqi_prediction\data\raw\dawn\images\rain_storm-269.jpg,74.3,Moderate,dawn
rain_storm-273.jpg,C:\Users\Srujan Jadhav\Desktop\aqi_prediction\data\raw\dawn\images\rain_storm-273.jpg,84.0,Moderate,dawn
rain_storm-277.jpg,C:\Users\Srujan Jadhav\Desktop\aqi_prediction\data\raw\dawn\images\rain_storm-277.jpg,101.8,Unhealthy for Sensitive Groups,dawn
rain_storm-283.jpg,C:\Users\Srujan Jadhav\Desktop\aqi_prediction\data\raw\dawn\images\rain_storm-283.jpg,106.6,Unhealthy for Sensitive Groups,dawn
rain_storm-289.jpg,C:\Users\Srujan Jadhav\Desktop\aqi_prediction\data\raw\dawn\images\rain_storm-289.jpg,78.6,Moderate,dawn
rain_storm-293.jpg,C:\Users\Srujan Jadhav\Desktop\aqi_prediction\data\raw\dawn\images\rain_storm-293.jpg,107.1,Unhealthy for Sensitive Groups,dawn
rain_storm-297.jpg,C:\Users\Srujan Jadhav\Desktop\aqi_prediction\data\raw\dawn\images\rain_storm-297.jpg,81.8,Moderate,dawn
rain_storm-301.jpg,C:\Users\Srujan Jadhav\Desktop\aqi_prediction\data\raw\dawn\images\rain_storm-301.jpg,63.3,Moderate,dawn
rain_storm-305.jpg,C:\Users\Srujan Jadhav\Desktop\aqi_prediction\data\raw\dawn\images\rain_storm-305.jpg,68.1,Moderate,dawn
rain_storm-311.jpg,C:\Users\Srujan Jadhav\Desktop\aqi_prediction\data\raw\dawn\images\rain_storm-311.jpg,50.4,Unknown,dawn
rain_storm-315.jpg,C:\Users\Srujan Jadhav\Desktop\aqi_prediction\data\raw\dawn\images\rain_storm-315.jpg,62.2,Moderate,dawn
rain_storm-319.jpg,C:\Users\Srujan Jadhav\Desktop\aqi_prediction\data\raw\dawn\images\rain_storm-319.jpg,72.8,Moderate,dawn
rain_storm-323.jpg,C:\Users\Srujan Jadhav\Desktop\aqi_prediction\data\raw\dawn\images\rain_storm-323.jpg,96.1,Moderate,dawn
rain_storm-327.jpg,C:\Users\Srujan Jadhav\Desktop\aqi_prediction\data\raw\dawn\images\rain_storm-327.jpg,114.4,Unhealthy for Sensitive Groups,dawn
rain_storm-339.jpg,C:\Users\Srujan Jadhav\Desktop\aqi_prediction\data\raw\dawn\images\rain_storm-339.jpg,52.4,Moderate,dawn
rain_storm-343.jpg,C:\Users\Srujan Jadhav\Desktop\aqi_prediction\data\raw\dawn\images\rain_storm-343.jpg,87.9,Moderate,dawn
rain_storm-351.jpg,C:\Users\Srujan Jadhav\Desktop\aqi_prediction\data\raw\dawn\images\rain_storm-351.jpg,59.2,Moderate,dawn
rain_storm-355.jpg,C:\Users\Srujan Jadhav\Desktop\aqi_prediction\data\raw\dawn\images\rain_storm-355.jpg,89.5,Moderate,dawn
rain_storm-361.jpg,C:\Users\Srujan Jadhav\Desktop\aqi_prediction\data\raw\dawn\images\rain_storm-361.jpg,77.4,Moderate,dawn
rain_storm-365.jpg,C:\Users\Srujan Jadhav\Desktop\aqi_prediction\data\raw\dawn\images\rain_storm-365.jpg,43.4,Good,dawn
rain_storm-377.jpg,C:\Users\Srujan Jadhav\Desktop\aqi_prediction\data\raw\dawn\images\rain_storm-377.jpg,98.6,Moderate,dawn
rain_storm-381.jpg,C:\Users\Srujan Jadhav\Desktop\aqi_prediction\data\raw\dawn\images\rain_storm-381.jpg,67.9,Moderate,dawn
rain_storm-385.jpg,C:\Users\Srujan Jadhav\Desktop\aqi_prediction\data\raw\dawn\images\rain_storm-385.jpg,69.3,Moderate,dawn
rain_storm-391.jpg,C:\Users\Srujan Jadhav\Desktop\aqi_prediction\data\raw\dawn\images\rain_storm-391.jpg,58.6,Moderate,dawn
rain_storm-395.jpg,C:\Users\Srujan Jadhav\Desktop\aqi_prediction\data\raw\dawn\images\rain_storm-395.jpg,66.9,Moderate,dawn
rain_storm-399.jpg,C:\Users\Srujan Jadhav\Desktop\aqi_prediction\data\raw\dawn\images\rain_storm-399.jpg,88.6,Moderate,dawn
rain_storm-403.jpg,C:\Users\Srujan Jadhav\Desktop\aqi_prediction\data\raw\dawn\images\rain_storm-403.jpg,76.2,Moderate,dawn
rain_storm-407.jpg,C:\Users\Srujan Jadhav\Desktop\aqi_prediction\data\raw\dawn\images\rain_storm-407.jpg,86.6,Moderate,dawn
rain_storm-415.jpg,C:\Users\Srujan Jadhav\Desktop\aqi_prediction\data\raw\dawn\images\rain_storm-415.jpg,87.2,Moderate,dawn
rain_storm-419.jpg,C:\Users\Srujan Jadhav\Desktop\aqi_prediction\data\raw\dawn\images\rain_storm-419.jpg,106.4,Unhealthy for Sensitive Groups,dawn
rain_storm-423.jpg,C:\Users\Srujan Jadhav\Desktop\aqi_prediction\data\raw\dawn\images\rain_storm-423.jpg,73.1,Moderate,dawn
rain_storm-427.jpg,C:\Users\Srujan Jadhav\Desktop\aqi_prediction\data\raw\dawn\images\rain_storm-427.jpg,50.5,Unknown,dawn
rain_storm-431.jpg,C:\Users\Srujan Jadhav\Desktop\aqi_prediction\data\raw\dawn\images\rain_storm-431.jpg,101.3,Unhealthy for Sensitive Groups,dawn
rain_storm-435.jpg,C:\Users\Srujan Jadhav\Desktop\aqi_prediction\data\raw\dawn\images\rain_storm-435.jpg,73.4,Moderate,dawn
rain_storm-439.jpg,C:\Users\Srujan Jadhav\Desktop\aqi_prediction\data\raw\dawn\images\rain_storm-439.jpg,102.3,Unhealthy for Sensitive Groups,dawn
rain_storm-443.jpg,C:\Users\Srujan Jadhav\Desktop\aqi_prediction\data\raw\dawn\images\rain_storm-443.jpg,87.7,Moderate,dawn
rain_storm-447.jpg,C:\Users\Srujan Jadhav\Desktop\aqi_prediction\data\raw\dawn\images\rain_storm-447.jpg,77.4,Moderate,dawn
rain_storm-450.jpg,C:\Users\Srujan Jadhav\Desktop\aqi_prediction\data\raw\dawn\images\rain_storm-450.jpg,87.0,Moderate,dawn
rain_storm-454.jpg,C:\Users\Srujan Jadhav\Desktop\aqi_prediction\data\raw\dawn\images\rain_storm-454.jpg,119.0,Unhealthy for Sensitive Groups,dawn
rain_storm-458.jpg,C:\Users\Srujan Jadhav\Desktop\aqi_prediction\data\raw\dawn\images\rain_storm-458.jpg,121.5,Unhealthy for Sensitive Groups,dawn
rain_storm-462.jpg,C:\Users\Srujan Jadhav\Desktop\aqi_prediction\data\raw\dawn\images\rain_storm-462.jpg,81.4,Moderate,dawn
rain_storm-466.jpg,C:\Users\Srujan Jadhav\Desktop\aqi_prediction\data\raw\dawn\images\rain_storm-466.jpg,83.2,Moderate,dawn
rain_storm-475.jpg,C:\Users\Srujan Jadhav\Desktop\aqi_prediction\data\raw\dawn\images\rain_storm-475.jpg,101.5,Unhealthy for Sensitive Groups,dawn
rain_storm-481.jpg,C:\Users\Srujan Jadhav\Desktop\aqi_prediction\data\raw\dawn\images\rain_storm-481.jpg,63.1,Moderate,dawn
rain_storm-485.jpg,C:\Users\Srujan Jadhav\Desktop\aqi_prediction\data\raw\dawn\images\rain_storm-485.jpg,86.7,Moderate,dawn
rain_storm-489.jpg,C:\Users\Srujan Jadhav\Desktop\aqi_prediction\data\raw\dawn\images\rain_storm-489.jpg,79.5,Moderate,dawn
rain_storm-493.jpg,C:\Users\Srujan Jadhav\Desktop\aqi_prediction\data\raw\dawn\images\rain_storm-493.jpg,86.3,Moderate,dawn
rain_storm-497.jpg,C:\Users\Srujan Jadhav\Desktop\aqi_prediction\data\raw\dawn\images\rain_storm-497.jpg,63.3,Moderate,dawn
rain_storm-501.jpg,C:\Users\Srujan Jadhav\Desktop\aqi_prediction\data\raw\dawn\images\rain_storm-501.jpg,48.2,Good,dawn
rain_storm-515.jpg,C:\Users\Srujan Jadhav\Desktop\aqi_prediction\data\raw\dawn\images\rain_storm-515.jpg,38.5,Good,dawn
rain_storm-519.jpg,C:\Users\Srujan Jadhav\Desktop\aqi_prediction\data\raw\dawn\images\rain_storm-519.jpg,57.7,Moderate,dawn
rain_storm-523.jpg,C:\Users\Srujan Jadhav\Desktop\aqi_prediction\data\raw\dawn\images\rain_storm-523.jpg,70.8,Moderate,dawn
rain_storm-527.jpg,C:\Users\Srujan Jadhav\Desktop\aqi_prediction\data\raw\dawn\images\rain_storm-527.jpg,74.1,Moderate,dawn
rain_storm-536.jpg,C:\Users\Srujan Jadhav\Desktop\aqi_prediction\data\raw\dawn\images\rain_storm-536.jpg,118.7,Unhealthy for Sensitive Groups,dawn
rain_storm-549.jpg,C:\Users\Srujan Jadhav\Desktop\aqi_prediction\data\raw\dawn\images\rain_storm-549.jpg,102.1,Unhealthy for Sensitive Groups,dawn
rain_storm-553.jpg,C:\Users\Srujan Jadhav\Desktop\aqi_prediction\data\raw\dawn\images\rain_storm-553.jpg,60.8,Moderate,dawn
rain_storm-563.jpg,C:\Users\Srujan Jadhav\Desktop\aqi_prediction\data\raw\dawn\images\rain_storm-563.jpg,87.0,Moderate,dawn
rain_storm-568.jpg,C:\Users\Srujan Jadhav\Desktop\aqi_prediction\data\raw\dawn\images\rain_storm-568.jpg,71.9,Moderate,dawn
rain_storm-572.jpg,C:\Users\Srujan Jadhav\Desktop\aqi_prediction\data\raw\dawn\images\rain_storm-572.jpg,74.3,Moderate,dawn
rain_storm-576.jpg,C:\Users\Srujan Jadhav\Desktop\aqi_prediction\data\raw\dawn\images\rain_storm-576.jpg,83.7,Moderate,dawn
rain_storm-580.jpg,C:\Users\Srujan Jadhav\Desktop\aqi_prediction\data\raw\dawn\images\rain_storm-580.jpg,92.4,Moderate,dawn
rain_storm-589.jpg,C:\Users\Srujan Jadhav\Desktop\aqi_prediction\data\raw\dawn\images\rain_storm-589.jpg,73.2,Moderate,dawn
rain_storm-593.jpg,C:\Users\Srujan Jadhav\Desktop\aqi_prediction\data\raw\dawn\images\rain_storm-593.jpg,101.3,Unhealthy for Sensitive Groups,dawn
rain_storm-597.jpg,C:\Users\Srujan Jadhav\Desktop\aqi_prediction\data\raw\dawn\images\rain_storm-597.jpg,57.2,Moderate,dawn
rain_storm-601.jpg,C:\Users\Srujan Jadhav\Desktop\aqi_prediction\data\raw\dawn\images\rain_storm-601.jpg,80.1,Moderate,dawn
rain_storm-605.jpg,C:\Users\Srujan Jadhav\Desktop\aqi_prediction\data\raw\dawn\images\rain_storm-605.jpg,132.0,Unhealthy for Sensitive Groups,dawn
rain_storm-610.jpg,C:\Users\Srujan Jadhav\Desktop\aqi_prediction\data\raw\dawn\images\rain_storm-610.jpg,84.5,Moderate,dawn
rain_storm-614.jpg,C:\Users\Srujan Jadhav\Desktop\aqi_prediction\data\raw\dawn\images\rain_storm-614.jpg,108.7,Unhealthy for Sensitive Groups,dawn
rain_storm-618.jpg,C:\Users\Srujan Jadhav\Desktop\aqi_prediction\data\raw\dawn\images\rain_storm-618.jpg,81.8,Moderate,dawn
rain_storm-622.jpg,C:\Users\Srujan Jadhav\Desktop\aqi_prediction\data\raw\dawn\images\rain_storm-622.jpg,91.6,Moderate,dawn
rain_storm-626.jpg,C:\Users\Srujan Jadhav\Desktop\aqi_prediction\data\raw\dawn\images\rain_storm-626.jpg,78.9,Moderate,dawn
rain_storm-630.jpg,C:\Users\Srujan Jadhav\Desktop\aqi_prediction\data\raw\dawn\images\rain_storm-630.jpg,76.6,Moderate,dawn
rain_storm-634.jpg,C:\Users\Srujan Jadhav\Desktop\aqi_prediction\data\raw\dawn\images\rain_storm-634.jpg,64.4,Moderate,dawn
rain_storm-638.jpg,C:\Users\Srujan Jadhav\Desktop\aqi_prediction\data\raw\dawn\images\rain_storm-638.jpg,88.6,Moderate,dawn
rain_storm-642.jpg,C:\Users\Srujan Jadhav\Desktop\aqi_prediction\data\raw\dawn\images\rain_storm-642.jpg,63.0,Moderate,dawn
rain_storm-646.jpg,C:\Users\Srujan Jadhav\Desktop\aqi_prediction\data\raw\dawn\images\rain_storm-646.jpg,93.3,Moderate,dawn
rain_storm-650.jpg,C:\Users\Srujan Jadhav\Desktop\aqi_prediction\data\raw\dawn\images\rain_storm-650.jpg,101.7,Unhealthy for Sensitive Groups,dawn
rain_storm-654.jpg,C:\Users\Srujan Jadhav\Desktop\aqi_prediction\data\raw\dawn\images\rain_storm-654.jpg,87.3,Moderate,dawn
rain_storm-658.jpg,C:\Users\Srujan Jadhav\Desktop\aqi_prediction\data\raw\dawn\images\rain_storm-658.jpg,74.3,Moderate,dawn
rain_storm-662.jpg,C:\Users\Srujan Jadhav\Desktop\aqi_prediction\data\raw\dawn\images\rain_storm-662.jpg,89.1,Moderate,dawn
rain_storm-667.jpg,C:\Users\Srujan Jadhav\Desktop\aqi_prediction\data\raw\dawn\images\rain_storm-667.jpg,73.8,Moderate,dawn
rain_storm-676.jpg,C:\Users\Srujan Jadhav\Desktop\aqi_prediction\data\raw\dawn\images\rain_storm-676.jpg,98.7,Moderate,dawn
rain_storm-681.jpg,C:\Users\Srujan Jadhav\Desktop\aqi_prediction\data\raw\dawn\images\rain_storm-681.jpg,43.4,Good,dawn
rain_storm-685.jpg,C:\Users\Srujan Jadhav\Desktop\aqi_prediction\data\raw\dawn\images\rain_storm-685.jpg,73.3,Moderate,dawn
rain_storm-688.jpg,C:\Users\Srujan Jadhav\Desktop\aqi_prediction\data\raw\dawn\images\rain_storm-688.jpg,40.2,Good,dawn
rain_storm-692.jpg,C:\Users\Srujan Jadhav\Desktop\aqi_prediction\data\raw\dawn\images\rain_storm-692.jpg,50.1,Unknown,dawn
rain_storm-696.jpg,C:\Users\Srujan Jadhav\Desktop\aqi_prediction\data\raw\dawn\images\rain_storm-696.jpg,107.3,Unhealthy for Sensitive Groups,dawn
rain_storm-700.jpg,C:\Users\Srujan Jadhav\Desktop\aqi_prediction\data\raw\dawn\images\rain_storm-700.jpg,97.9,Moderate,dawn
rain_storm-704.jpg,C:\Users\Srujan Jadhav\Desktop\aqi_prediction\data\raw\dawn\images\rain_storm-704.jpg,65.6,Moderate,dawn
rain_storm-708.jpg,C:\Users\Srujan Jadhav\Desktop\aqi_prediction\data\raw\dawn\images\rain_storm-708.jpg,49.9,Good,dawn
rain_storm-712.jpg,C:\Users\Srujan Jadhav\Desktop\aqi_prediction\data\raw\dawn\images\rain_storm-712.jpg,20.7,Good,dawn
rain_storm-720.jpg,C:\Users\Srujan Jadhav\Desktop\aqi_prediction\data\raw\dawn\images\rain_storm-720.jpg,69.1,Moderate,dawn
rain_storm-724.jpg,C:\Users\Srujan Jadhav\Desktop\aqi_prediction\data\raw\dawn\images\rain_storm-724.jpg,128.4,Unhealthy for Sensitive Groups,dawn
rain_storm-732.jpg,C:\Users\Srujan Jadhav\Desktop\aqi_prediction\data\raw\dawn\images\rain_storm-732.jpg,88.7,Moderate,dawn
rain_storm-736.jpg,C:\Users\Srujan Jadhav\Desktop\aqi_prediction\data\raw\dawn\images\rain_storm-736.jpg,68.8,Moderate,dawn
rain_storm-740.jpg,C:\Users\Srujan Jadhav\Desktop\aqi_prediction\data\raw\dawn\images\rain_storm-740.jpg,89.3,Moderate,dawn
rain_storm-744.jpg,C:\Users\Srujan Jadhav\Desktop\aqi_prediction\data\raw\dawn\images\rain_storm-744.jpg,48.8,Good,dawn
rain_storm-748.jpg,C:\Users\Srujan Jadhav\Desktop\aqi_prediction\data\raw\dawn\images\rain_storm-748.jpg,74.1,Moderate,dawn
rain_storm-757.jpg,C:\Users\Srujan Jadhav\Desktop\aqi_prediction\data\raw\dawn\images\rain_storm-757.jpg,82.0,Moderate,dawn
rain_storm-766.jpg,C:\Users\Srujan Jadhav\Desktop\aqi_prediction\data\raw\dawn\images\rain_storm-766.jpg,78.3,Moderate,dawn
rain_storm-775.jpg,C:\Users\Srujan Jadhav\Desktop\aqi_prediction\data\raw\dawn\images\rain_storm-775.jpg,95.8,Moderate,dawn
rain_storm-779.jpg,C:\Users\Srujan Jadhav\Desktop\aqi_prediction\data\raw\dawn\images\rain_storm-779.jpg,86.9,Moderate,dawn
rain_storm-783.jpg,C:\Users\Srujan Jadhav\Desktop\aqi_prediction\data\raw\dawn\images\rain_storm-783.jpg,93.4,Moderate,dawn
rain_storm-787.jpg,C:\Users\Srujan Jadhav\Desktop\aqi_prediction\data\raw\dawn\images\rain_storm-787.jpg,66.2,Moderate,dawn
rain_storm-789.jpg,C:\Users\Srujan Jadhav\Desktop\aqi_prediction\data\raw\dawn\images\rain_storm-789.jpg,98.0,Moderate,dawn
rain_storm-807.jpg,C:\Users\Srujan Jadhav\Desktop\aqi_prediction\data\raw\dawn\images\rain_storm-807.jpg,112.6,Unhealthy for Sensitive Groups,dawn
rain_storm-811.jpg,C:\Users\Srujan Jadhav\Desktop\aqi_prediction\data\raw\dawn\images\rain_storm-811.jpg,60.6,Moderate,dawn
rain_storm-815.jpg,C:\Users\Srujan Jadhav\Desktop\aqi_prediction\data\raw\dawn\images\rain_storm-815.jpg,62.2,Moderate,dawn
rain_storm-823.jpg,C:\Users\Srujan Jadhav\Desktop\aqi_prediction\data\raw\dawn\images\rain_storm-823.jpg,106.7,Unhealthy for Sensitive Groups,dawn
rain_storm-835.jpg,C:\Users\Srujan Jadhav\Desktop\aqi_prediction\data\raw\dawn\images\rain_storm-835.jpg,76.2,Moderate,dawn
rain_storm-839.jpg,C:\Users\Srujan Jadhav\Desktop\aqi_prediction\data\raw\dawn\images\rain_storm-839.jpg,108.1,Unhealthy for Sensitive Groups,dawn
rain_storm-843.jpg,C:\Users\Srujan Jadhav\Desktop\aqi_prediction\data\raw\dawn\images\rain_storm-843.jpg,71.1,Moderate,dawn
rain_storm-847.jpg,C:\Users\Srujan Jadhav\Desktop\aqi_prediction\data\raw\dawn\images\rain_storm-847.jpg,109.1,Unhealthy for Sensitive Groups,dawn
rain_storm-851.jpg,C:\Users\Srujan Jadhav\Desktop\aqi_prediction\data\raw\dawn\images\rain_storm-851.jpg,82.6,Moderate,dawn
rain_storm-855.jpg,C:\Users\Srujan Jadhav\Desktop\aqi_prediction\data\raw\dawn\images\rain_storm-855.jpg,85.2,Moderate,dawn
rain_storm-859.jpg,C:\Users\Srujan Jadhav\Desktop\aqi_prediction\data\raw\dawn\images\rain_storm-859.jpg,111.3,Unhealthy for Sensitive Groups,dawn
rain_storm-863.jpg,C:\Users\Srujan Jadhav\Desktop\aqi_prediction\data\raw\dawn\images\rain_storm-863.jpg,72.8,Moderate,dawn
rain_storm-901.jpg,C:\Users\Srujan Jadhav\Desktop\aqi_prediction\data\raw\dawn\images\rain_storm-901.jpg,61.2,Moderate,dawn
rain_storm-932.jpg,C:\Users\Srujan Jadhav\Desktop\aqi_prediction\data\raw\dawn\images\rain_storm-932.jpg,71.0,Moderate,dawn
rain_storm-939.jpg,C:\Users\Srujan Jadhav\Desktop\aqi_prediction\data\raw\dawn\images\rain_storm-939.jpg,89.0,Moderate,dawn
rain_storm-981.jpg,C:\Users\Srujan Jadhav\Desktop\aqi_prediction\data\raw\dawn\images\rain_storm-981.jpg,48.7,Good,dawn
rain_storm-985.jpg,C:\Users\Srujan Jadhav\Desktop\aqi_prediction\data\raw\dawn\images\rain_storm-985.jpg,92.7,Moderate,dawn
sand_storm-001.jpg,C:\Users\Srujan Jadhav\Desktop\aqi_prediction\data\raw\dawn\images\sand_storm-001.jpg,278.4,Very Unhealthy,dawn
sand_storm-002.jpg,C:\Users\Srujan Jadhav\Desktop\aqi_prediction\data\raw\dawn\images\sand_storm-002.jpg,345.9,Hazardous,dawn
sand_storm-004.jpg,C:\Users\Srujan Jadhav\Desktop\aqi_prediction\data\raw\dawn\images\sand_storm-004.jpg,204.2,Very Unhealthy,dawn
sand_storm-006.jpg,C:\Users\Srujan Jadhav\Desktop\aqi_prediction\data\raw\dawn\images\sand_storm-006.jpg,268.5,Very Unhealthy,dawn
sand_storm-008.jpg,C:\Users\Srujan Jadhav\Desktop\aqi_prediction\data\raw\dawn\images\sand_storm-008.jpg,232.5,Very Unhealthy,dawn
sand_storm-009.jpg,C:\Users\Srujan Jadhav\Desktop\aqi_prediction\data\raw\dawn\images\sand_storm-009.jpg,267.0,Very Unhealthy,dawn
sand_storm-010.jpg,C:\Users\Srujan Jadhav\Desktop\aqi_prediction\data\raw\dawn\images\sand_storm-010.jpg,309.9,Hazardous,dawn
sand_storm-012.jpg,C:\Users\Srujan Jadhav\Desktop\aqi_prediction\data\raw\dawn\images\sand_storm-012.jpg,292.8,Very Unhealthy,dawn
sand_storm-014.jpg,C:\Users\Srujan Jadhav\Desktop\aqi_prediction\data\raw\dawn\images\sand_storm-014.jpg,289.9,Very Unhealthy,dawn
sand_storm-016.jpg,C:\Users\Srujan Jadhav\Desktop\aqi_prediction\data\raw\dawn\images\sand_storm-016.jpg,293.6,Very Unhealthy,dawn
sand_storm-019.jpg,C:\Users\Srujan Jadhav\Desktop\aqi_prediction\data\raw\dawn\images\sand_storm-019.jpg,308.1,Hazardous,dawn
sand_storm-020.jpg,C:\Users\Srujan Jadhav\Desktop\aqi_prediction\data\raw\dawn\images\sand_storm-020.jpg,259.7,Very Unhealthy,dawn
sand_storm-021.jpg,C:\Users\Srujan Jadhav\Desktop\aqi_prediction\data\raw\dawn\images\sand_storm-021.jpg,328.3,Hazardous,dawn
sand_storm-024.jpg,C:\Users\Srujan Jadhav\Desktop\aqi_prediction\data\raw\dawn\images\sand_storm-024.jpg,326.5,Hazardous,dawn
sand_storm-027.jpg,C:\Users\Srujan Jadhav\Desktop\aqi_prediction\data\raw\dawn\images\sand_storm-027.jpg,315.4,Hazardous,dawn
sand_storm-029.jpg,C:\Users\Srujan Jadhav\Desktop\aqi_prediction\data\raw\dawn\images\sand_storm-029.jpg,322.3,Hazardous,dawn
sand_storm-030.jpg,C:\Users\Srujan Jadhav\Desktop\aqi_prediction\data\raw\dawn\images\sand_storm-030.jpg,311.9,Hazardous,dawn
sand_storm-031.jpg,C:\Users\Srujan Jadhav\Desktop\aqi_prediction\data\raw\dawn\images\sand_storm-031.jpg,381.4,Hazardous,dawn
sand_storm-032.jpg,C:\Users\Srujan Jadhav\Desktop\aqi_prediction\data\raw\dawn\images\sand_storm-032.jpg,296.5,Very Unhealthy,dawn
sand_storm-034.jpg,C:\Users\Srujan Jadhav\Desktop\aqi_prediction\data\raw\dawn\images\sand_storm-034.jpg,287.7,Very Unhealthy,dawn
sand_storm-036.jpg,C:\Users\Srujan Jadhav\Desktop\aqi_prediction\data\raw\dawn\images\sand_storm-036.jpg,269.9,Very Unhealthy,dawn
sand_storm-039.jpg,C:\Users\Srujan Jadhav\Desktop\aqi_prediction\data\raw\dawn\images\sand_storm-039.jpg,258.7,Very Unhealthy,dawn
sand_storm-040.jpg,C:\Users\Srujan Jadhav\Desktop\aqi_prediction\data\raw\dawn\images\sand_storm-040.jpg,250.2,Very Unhealthy,dawn
sand_storm-042.jpg,C:\Users\Srujan Jadhav\Desktop\aqi_prediction\data\raw\dawn\images\sand_storm-042.jpg,264.4,Very Unhealthy,dawn
sand_storm-043.jpg,C:\Users\Srujan Jadhav\Desktop\aqi_prediction\data\raw\dawn\images\sand_storm-043.jpg,297.2,Very Unhealthy,dawn
sand_storm-044.jpg,C:\Users\Srujan Jadhav\Desktop\aqi_prediction\data\raw\dawn\images\sand_storm-044.jpg,313.4,Hazardous,dawn
sand_storm-046.jpg,C:\Users\Srujan Jadhav\Desktop\aqi_prediction\data\raw\dawn\images\sand_storm-046.jpg,302.0,Hazardous,dawn
sand_storm-048.jpg,C:\Users\Srujan Jadhav\Desktop\aqi_prediction\data\raw\dawn\images\sand_storm-048.jpg,269.4,Very Unhealthy,dawn
sand_storm-051.jpg,C:\Users\Srujan Jadhav\Desktop\aqi_prediction\data\raw\dawn\images\sand_storm-051.jpg,336.0,Hazardous,dawn
sand_storm-055.jpg,C:\Users\Srujan Jadhav\Desktop\aqi_prediction\data\raw\dawn\images\sand_storm-055.jpg,329.6,Hazardous,dawn
sand_storm-057.jpg,C:\Users\Srujan Jadhav\Desktop\aqi_prediction\data\raw\dawn\images\sand_storm-057.jpg,293.6,Very Unhealthy,dawn
sand_storm-058.jpg,C:\Users\Srujan Jadhav\Desktop\aqi_prediction\data\raw\dawn\images\sand_storm-058.jpg,273.9,Very Unhealthy,dawn
sand_storm-060.jpg,C:\Users\Srujan Jadhav\Desktop\aqi_prediction\data\raw\dawn\images\sand_storm-060.jpg,321.9,Hazardous,dawn
sand_storm-062.jpg,C:\Users\Srujan Jadhav\Desktop\aqi_prediction\data\raw\dawn\images\sand_storm-062.jpg,307.5,Hazardous,dawn
sand_storm-065.jpg,C:\Users\Srujan Jadhav\Desktop\aqi_prediction\data\raw\dawn\images\sand_storm-065.jpg,242.1,Very Unhealthy,dawn
sand_storm-067.jpg,C:\Users\Srujan Jadhav\Desktop\aqi_prediction\data\raw\dawn\images\sand_storm-067.jpg,297.3,Very Unhealthy,dawn
sand_storm-068.jpg,C:\Users\Srujan Jadhav\Desktop\aqi_prediction\data\raw\dawn\images\sand_storm-068.jpg,310.5,Hazardous,dawn
sand_storm-070.jpg,C:\Users\Srujan Jadhav\Desktop\aqi_prediction\data\raw\dawn\images\sand_storm-070.jpg,264.0,Very Unhealthy,dawn
sand_storm-073.jpg,C:\Users\Srujan Jadhav\Desktop\aqi_prediction\data\raw\dawn\images\sand_storm-073.jpg,307.6,Hazardous,dawn
sand_storm-075.jpg,C:\Users\Srujan Jadhav\Desktop\aqi_prediction\data\raw\dawn\images\sand_storm-075.jpg,241.8,Very Unhealthy,dawn
sand_storm-076.jpg,C:\Users\Srujan Jadhav\Desktop\aqi_prediction\data\raw\dawn\images\sand_storm-076.jpg,353.4,Hazardous,dawn
sand_storm-077.jpg,C:\Users\Srujan Jadhav\Desktop\aqi_prediction\data\raw\dawn\images\sand_storm-077.jpg,349.9,Hazardous,dawn
sand_storm-079.jpg,C:\Users\Srujan Jadhav\Desktop\aqi_prediction\data\raw\dawn\images\sand_storm-079.jpg,289.9,Very Unhealthy,dawn
sand_storm-082.jpg,C:\Users\Srujan Jadhav\Desktop\aqi_prediction\data\raw\dawn\images\sand_storm-082.jpg,314.5,Hazardous,dawn
sand_storm-084.jpg,C:\Users\Srujan Jadhav\Desktop\aqi_prediction\data\raw\dawn\images\sand_storm-084.jpg,203.6,Very Unhealthy,dawn
sand_storm-086.jpg,C:\Users\Srujan Jadhav\Desktop\aqi_prediction\data\raw\dawn\images\sand_storm-086.jpg,253.7,Very Unhealthy,dawn
sand_storm-087.jpg,C:\Users\Srujan Jadhav\Desktop\aqi_prediction\data\raw\dawn\images\sand_storm-087.jpg,288.2,Very Unhealthy,dawn
sand_storm-089.jpg,C:\Users\Srujan Jadhav\Desktop\aqi_prediction\data\raw\dawn\images\sand_storm-089.jpg,257.1,Very Unhealthy,dawn
sand_storm-094.jpg,C:\Users\Srujan Jadhav\Desktop\aqi_prediction\data\raw\dawn\images\sand_storm-094.jpg,328.6,Hazardous,dawn
sand_storm-096.jpg,C:\Users\Srujan Jadhav\Desktop\aqi_prediction\data\raw\dawn\images\sand_storm-096.jpg,379.9,Hazardous,dawn
sand_storm-100.jpg,C:\Users\Srujan Jadhav\Desktop\aqi_prediction\data\raw\dawn\images\sand_storm-100.jpg,252.9,Very Unhealthy,dawn
sand_storm-103.jpg,C:\Users\Srujan Jadhav\Desktop\aqi_prediction\data\raw\dawn\images\sand_storm-103.jpg,266.5,Very Unhealthy,dawn
sand_storm-104.jpg,C:\Users\Srujan Jadhav\Desktop\aqi_prediction\data\raw\dawn\images\sand_storm-104.jpg,309.4,Hazardous,dawn
sand_storm-107.jpg,C:\Users\Srujan Jadhav\Desktop\aqi_prediction\data\raw\dawn\images\sand_storm-107.jpg,364.4,Hazardous,dawn
sand_storm-108.jpg,C:\Users\Srujan Jadhav\Desktop\aqi_prediction\data\raw\dawn\images\sand_storm-108.jpg,251.1,Very Unhealthy,dawn
sand_storm-111.jpg,C:\Users\Srujan Jadhav\Desktop\aqi_prediction\data\raw\dawn\images\sand_storm-111.jpg,310.0,Hazardous,dawn
sand_storm-114.jpg,C:\Users\Srujan Jadhav\Desktop\aqi_prediction\data\raw\dawn\images\sand_storm-114.jpg,372.9,Hazardous,dawn
sand_storm-115.jpg,C:\Users\Srujan Jadhav\Desktop\aqi_prediction\data\raw\dawn\images\sand_storm-115.jpg,233.9,Very Unhealthy,dawn
sand_storm-116.jpg,C:\Users\Srujan Jadhav\Desktop\aqi_prediction\data\raw\dawn\images\sand_storm-116.jpg,248.8,Very Unhealthy,dawn
sand_storm-119.jpg,C:\Users\Srujan Jadhav\Desktop\aqi_prediction\data\raw\dawn\images\sand_storm-119.jpg,283.1,Very Unhealthy,dawn
sand_storm-122.jpg,C:\Users\Srujan Jadhav\Desktop\aqi_prediction\data\raw\dawn\images\sand_storm-122.jpg,279.2,Very Unhealthy,dawn
sand_storm-123.jpg,C:\Users\Srujan Jadhav\Desktop\aqi_prediction\data\raw\dawn\images\sand_storm-123.jpg,332.5,Hazardous,dawn
sand_storm-127.jpg,C:\Users\Srujan Jadhav\Desktop\aqi_prediction\data\raw\dawn\images\sand_storm-127.jpg,309.7,Hazardous,dawn
sand_storm-129.jpg,C:\Users\Srujan Jadhav\Desktop\aqi_prediction\data\raw\dawn\images\sand_storm-129.jpg,229.0,Very Unhealthy,dawn
sand_storm-130.jpg,C:\Users\Srujan Jadhav\Desktop\aqi_prediction\data\raw\dawn\images\sand_storm-130.jpg,320.6,Hazardous,dawn
sand_storm-133.jpg,C:\Users\Srujan Jadhav\Desktop\aqi_prediction\data\raw\dawn\images\sand_storm-133.jpg,276.9,Very Unhealthy,dawn
sand_storm-138.jpg,C:\Users\Srujan Jadhav\Desktop\aqi_prediction\data\raw\dawn\images\sand_storm-138.jpg,351.0,Hazardous,dawn
sand_storm-139.jpg,C:\Users\Srujan Jadhav\Desktop\aqi_prediction\data\raw\dawn\images\sand_storm-139.jpg,274.9,Very Unhealthy,dawn
sand_storm-140.jpg,C:\Users\Srujan Jadhav\Desktop\aqi_prediction\data\raw\dawn\images\sand_storm-140.jpg,274.5,Very Unhealthy,dawn
sand_storm-145.jpg,C:\Users\Srujan Jadhav\Desktop\aqi_prediction\data\raw\dawn\images\sand_storm-145.jpg,321.6,Hazardous,dawn
sand_storm-146.jpg,C:\Users\Srujan Jadhav\Desktop\aqi_prediction\data\raw\dawn\images\sand_storm-146.jpg,330.5,Hazardous,dawn
sand_storm-148.jpg,C:\Users\Srujan Jadhav\Desktop\aqi_prediction\data\raw\dawn\images\sand_storm-148.jpg,317.9,Hazardous,dawn
sand_storm-150.jpg,C:\Users\Srujan Jadhav\Desktop\aqi_prediction\data\raw\dawn\images\sand_storm-150.jpg,232.6,Very Unhealthy,dawn
sand_storm-151.jpg,C:\Users\Srujan Jadhav\Desktop\aqi_prediction\data\raw\dawn\images\sand_storm-151.jpg,321.5,Hazardous,dawn
sand_storm-152.jpg,C:\Users\Srujan Jadhav\Desktop\aqi_prediction\data\raw\dawn\images\sand_storm-152.jpg,258.6,Very Unhealthy,dawn
sand_storm-154.jpg,C:\Users\Srujan Jadhav\Desktop\aqi_prediction\data\raw\dawn\images\sand_storm-154.jpg,309.4,Hazardous,dawn
sand_storm-155.jpg,C:\Users\Srujan Jadhav\Desktop\aqi_prediction\data\raw\dawn\images\sand_storm-155.jpg,243.1,Very Unhealthy,dawn
sand_storm-157.jpg,C:\Users\Srujan Jadhav\Desktop\aqi_prediction\data\raw\dawn\images\sand_storm-157.jpg,317.9,Hazardous,dawn
sand_storm-159.jpg,C:\Users\Srujan Jadhav\Desktop\aqi_prediction\data\raw\dawn\images\sand_storm-159.jpg,267.7,Very Unhealthy,dawn
sand_storm-161.jpg,C:\Users\Srujan Jadhav\Desktop\aqi_prediction\data\raw\dawn\images\sand_storm-161.jpg,248.7,Very Unhealthy,dawn
sand_storm-163.jpg,C:\Users\Srujan Jadhav\Desktop\aqi_prediction\data\raw\dawn\images\sand_storm-163.jpg,328.6,Hazardous,dawn
sand_storm-164.jpg,C:\Users\Srujan Jadhav\Desktop\aqi_prediction\data\raw\dawn\images\sand_storm-164.jpg,309.7,Hazardous,dawn
sand_storm-165.jpg,C:\Users\Srujan Jadhav\Desktop\aqi_prediction\data\raw\dawn\images\sand_storm-165.jpg,275.4,Very Unhealthy,dawn
sand_storm-166.jpg,C:\Users\Srujan Jadhav\Desktop\aqi_prediction\data\raw\dawn\images\sand_storm-166.jpg,358.0,Hazardous,dawn
sand_storm-167.jpg,C:\Users\Srujan Jadhav\Desktop\aqi_prediction\data\raw\dawn\images\sand_storm-167.jpg,282.4,Very Unhealthy,dawn
sand_storm-168.jpg,C:\Users\Srujan Jadhav\Desktop\aqi_prediction\data\raw\dawn\images\sand_storm-168.jpg,301.3,Hazardous,dawn
sand_storm-170.jpg,C:\Users\Srujan Jadhav\Desktop\aqi_prediction\data\raw\dawn\images\sand_storm-170.jpg,310.8,Hazardous,dawn
sand_storm-172.jpg,C:\Users\Srujan Jadhav\Desktop\aqi_prediction\data\raw\dawn\images\sand_storm-172.jpg,275.2,Very Unhealthy,dawn
sand_storm-175.jpg,C:\Users\Srujan Jadhav\Desktop\aqi_prediction\data\raw\dawn\images\sand_storm-175.jpg,318.8,Hazardous,dawn
sand_storm-177.jpg,C:\Users\Srujan Jadhav\Desktop\aqi_prediction\data\raw\dawn\images\sand_storm-177.jpg,278.7,Very Unhealthy,dawn
sand_storm-178.jpg,C:\Users\Srujan Jadhav\Desktop\aqi_prediction\data\raw\dawn\images\sand_storm-178.jpg,283.5,Very Unhealthy,dawn
sand_storm-180.jpg,C:\Users\Srujan Jadhav\Desktop\aqi_prediction\data\raw\dawn\images\sand_storm-180.jpg,354.5,Hazardous,dawn
sand_storm-182.jpg,C:\Users\Srujan Jadhav\Desktop\aqi_prediction\data\raw\dawn\images\sand_storm-182.jpg,258.4,Very Unhealthy,dawn
sand_storm-184.jpg,C:\Users\Srujan Jadhav\Desktop\aqi_prediction\data\raw\dawn\images\sand_storm-184.jpg,203.5,Very Unhealthy,dawn
sand_storm-187.jpg,C:\Users\Srujan Jadhav\Desktop\aqi_prediction\data\raw\dawn\images\sand_storm-187.jpg,364.4,Hazardous,dawn
sand_storm-190.jpg,C:\Users\Srujan Jadhav\Desktop\aqi_prediction\data\raw\dawn\images\sand_storm-190.jpg,402.0,Hazardous,dawn
sand_storm-192.jpg,C:\Users\Srujan Jadhav\Desktop\aqi_prediction\data\raw\dawn\images\sand_storm-192.jpg,283.8,Very Unhealthy,dawn
sand_storm-194.jpg,C:\Users\Srujan Jadhav\Desktop\aqi_prediction\data\raw\dawn\images\sand_storm-194.jpg,222.5,Very Unhealthy,dawn
sand_storm-197.jpg,C:\Users\Srujan Jadhav\Desktop\aqi_prediction\data\raw\dawn\images\sand_storm-197.jpg,287.6,Very Unhealthy,dawn
sand_storm-199.jpg,C:\Users\Srujan Jadhav\Desktop\aqi_prediction\data\raw\dawn\images\sand_storm-199.jpg,288.6,Very Unhealthy,dawn
sand_storm-204.jpg,C:\Users\Srujan Jadhav\Desktop\aqi_prediction\data\raw\dawn\images\sand_storm-204.jpg,292.4,Very Unhealthy,dawn
sand_storm-206.jpg,C:\Users\Srujan Jadhav\Desktop\aqi_prediction\data\raw\dawn\images\sand_storm-206.jpg,255.5,Very Unhealthy,dawn
sand_storm-209.jpg,C:\Users\Srujan Jadhav\Desktop\aqi_prediction\data\raw\dawn\images\sand_storm-209.jpg,323.2,Hazardous,dawn
sand_storm-210.jpg,C:\Users\Srujan Jadhav\Desktop\aqi_prediction\data\raw\dawn\images\sand_storm-210.jpg,321.0,Hazardous,dawn
sand_storm-211.jpg,C:\Users\Srujan Jadhav\Desktop\aqi_prediction\data\raw\dawn\images\sand_storm-211.jpg,240.2,Very Unhealthy,dawn
sand_storm-212.jpg,C:\Users\Srujan Jadhav\Desktop\aqi_prediction\data\raw\dawn\images\sand_storm-212.jpg,328.0,Hazardous,dawn
sand_storm-213.jpg,C:\Users\Srujan Jadhav\Desktop\aqi_prediction\data\raw\dawn\images\sand_storm-213.jpg,382.1,Hazardous,dawn
sand_storm-214.jpg,C:\Users\Srujan Jadhav\Desktop\aqi_prediction\data\raw\dawn\images\sand_storm-214.jpg,306.9,Hazardous,dawn
sand_storm-216.jpg,C:\Users\Srujan Jadhav\Desktop\aqi_prediction\data\raw\dawn\images\sand_storm-216.jpg,286.5,Very Unhealthy,dawn
sand_storm-218.jpg,C:\Users\Srujan Jadhav\Desktop\aqi_prediction\data\raw\dawn\images\sand_storm-218.jpg,294.3,Very Unhealthy,dawn
sand_storm-219.jpg,C:\Users\Srujan Jadhav\Desktop\aqi_prediction\data\raw\dawn\images\sand_storm-219.jpg,324.6,Hazardous,dawn
sand_storm-221.jpg,C:\Users\Srujan Jadhav\Desktop\aqi_prediction\data\raw\dawn\images\sand_storm-221.jpg,230.8,Very Unhealthy,dawn
sand_storm-223.jpg,C:\Users\Srujan Jadhav\Desktop\aqi_prediction\data\raw\dawn\images\sand_storm-223.jpg,306.6,Hazardous,dawn
sand_storm-225.jpg,C:\Users\Srujan Jadhav\Desktop\aqi_prediction\data\raw\dawn\images\sand_storm-225.jpg,284.4,Very Unhealthy,dawn
sand_storm-226.jpg,C:\Users\Srujan Jadhav\Desktop\aqi_prediction\data\raw\dawn\images\sand_storm-226.jpg,373.9,Hazardous,dawn
sand_storm-228.jpg,C:\Users\Srujan Jadhav\Desktop\aqi_prediction\data\raw\dawn\images\sand_storm-228.jpg,293.0,Very Unhealthy,dawn
sand_storm-229.jpg,C:\Users\Srujan Jadhav\Desktop\aqi_prediction\data\raw\dawn\images\sand_storm-229.jpg,366.7,Hazardous,dawn
sand_storm-232.jpg,C:\Users\Srujan Jadhav\Desktop\aqi_prediction\data\raw\dawn\images\sand_storm-232.jpg,255.9,Very Unhealthy,dawn
sand_storm-234.jpg,C:\Users\Srujan Jadhav\Desktop\aqi_prediction\data\raw\dawn\images\sand_storm-234.jpg,323.5,Hazardous,dawn
sand_storm-236.jpg,C:\Users\Srujan Jadhav\Desktop\aqi_prediction\data\raw\dawn\images\sand_storm-236.jpg,312.8,Hazardous,dawn
sand_storm-237.jpg,C:\Users\Srujan Jadhav\Desktop\aqi_prediction\data\raw\dawn\images\sand_storm-237.jpg,265.2,Very Unhealthy,dawn
sand_storm-238.jpg,C:\Users\Srujan Jadhav\Desktop\aqi_prediction\data\raw\dawn\images\sand_storm-238.jpg,307.1,Hazardous,dawn
sand_storm-239.jpg,C:\Users\Srujan Jadhav\Desktop\aqi_prediction\data\raw\dawn\images\sand_storm-239.jpg,348.5,Hazardous,dawn
sand_storm-241.jpg,C:\Users\Srujan Jadhav\Desktop\aqi_prediction\data\raw\dawn\images\sand_storm-241.jpg,287.0,Very Unhealthy,dawn
sand_storm-242.jpg,C:\Users\Srujan Jadhav\Desktop\aqi_prediction\data\raw\dawn\images\sand_storm-242.jpg,232.3,Very Unhealthy,dawn
sand_storm-244.jpg,C:\Users\Srujan Jadhav\Desktop\aqi_prediction\data\raw\dawn\images\sand_storm-244.jpg,299.3,Very Unhealthy,dawn
sand_storm-245.jpg,C:\Users\Srujan Jadhav\Desktop\aqi_prediction\data\raw\dawn\images\sand_storm-245.jpg,263.9,Very Unhealthy,dawn
sand_storm-246.jpg,C:\Users\Srujan Jadhav\Desktop\aqi_prediction\data\raw\dawn\images\sand_storm-246.jpg,286.3,Very Unhealthy,dawn
sand_storm-247.jpg,C:\Users\Srujan Jadhav\Desktop\aqi_prediction\data\raw\dawn\images\sand_storm-247.jpg,296.7,Very Unhealthy,dawn
sand_storm-248.jpg,C:\Users\Srujan Jadhav\Desktop\aqi_prediction\data\raw\dawn\images\sand_storm-248.jpg,231.8,Very Unhealthy,dawn
sand_storm-249.jpg,C:\Users\Srujan Jadhav\Desktop\aqi_prediction\data\raw\dawn\images\sand_storm-249.jpg,235.4,Very Unhealthy,dawn
sand_storm-251.jpg,C:\Users\Srujan Jadhav\Desktop\aqi_prediction\data\raw\dawn\images\sand_storm-251.jpg,319.3,Hazardous,dawn
sand_storm-252.jpg,C:\Users\Srujan Jadhav\Desktop\aqi_prediction\data\raw\dawn\images\sand_storm-252.jpg,279.1,Very Unhealthy,dawn
sand_storm-253.jpg,C:\Users\Srujan Jadhav\Desktop\aqi_prediction\data\raw\dawn\images\sand_storm-253.jpg,197.4,Unhealthy,dawn
sand_storm-256.jpg,C:\Users\Srujan Jadhav\Desktop\aqi_prediction\data\raw\dawn\images\sand_storm-256.jpg,331.4,Hazardous,dawn
sand_storm-257.jpg,C:\Users\Srujan Jadhav\Desktop\aqi_prediction\data\raw\dawn\images\sand_storm-257.jpg,310.9,Hazardous,dawn
sand_storm-260.jpg,C:\Users\Srujan Jadhav\Desktop\aqi_prediction\data\raw\dawn\images\sand_storm-260.jpg,271.4,Very Unhealthy,dawn
sand_storm-262.jpg,C:\Users\Srujan Jadhav\Desktop\aqi_prediction\data\raw\dawn\images\sand_storm-262.jpg,247.3,Very Unhealthy,dawn
sand_storm-263.jpg,C:\Users\Srujan Jadhav\Desktop\aqi_prediction\data\raw\dawn\images\sand_storm-263.jpg,333.4,Hazardous,dawn
sand_storm-264.jpg,C:\Users\Srujan Jadhav\Desktop\aqi_prediction\data\raw\dawn\images\sand_storm-264.jpg,314.0,Hazardous,dawn
sand_storm-266.jpg,C:\Users\Srujan Jadhav\Desktop\aqi_prediction\data\raw\dawn\images\sand_storm-266.jpg,395.3,Hazardous,dawn
sand_storm-267.jpg,C:\Users\Srujan Jadhav\Desktop\aqi_prediction\data\raw\dawn\images\sand_storm-267.jpg,316.8,Hazardous,dawn
sand_storm-269.jpg,C:\Users\Srujan Jadhav\Desktop\aqi_prediction\data\raw\dawn\images\sand_storm-269.jpg,315.5,Hazardous,dawn
sand_storm-271.jpg,C:\Users\Srujan Jadhav\Desktop\aqi_prediction\data\raw\dawn\images\sand_storm-271.jpg,293.3,Very Unhealthy,dawn
sand_storm-273.jpg,C:\Users\Srujan Jadhav\Desktop\aqi_prediction\data\raw\dawn\images\sand_storm-273.jpg,332.7,Hazardous,dawn
sand_storm-274.jpg,C:\Users\Srujan Jadhav\Desktop\aqi_prediction\data\raw\dawn\images\sand_storm-274.jpg,325.0,Hazardous,dawn
sand_storm-276.jpg,C:\Users\Srujan Jadhav\Desktop\aqi_prediction\data\raw\dawn\images\sand_storm-276.jpg,350.1,Hazardous,dawn
sand_storm-278.jpg,C:\Users\Srujan Jadhav\Desktop\aqi_prediction\data\raw\dawn\images\sand_storm-278.jpg,279.1,Very Unhealthy,dawn
sand_storm-279.jpg,C:\Users\Srujan Jadhav\Desktop\aqi_prediction\data\raw\dawn\images\sand_storm-279.jpg,282.6,Very Unhealthy,dawn
sand_storm-281.jpg,C:\Users\Srujan Jadhav\Desktop\aqi_prediction\data\raw\dawn\images\sand_storm-281.jpg,280.8,Very Unhealthy,dawn
sand_storm-283.jpg,C:\Users\Srujan Jadhav\Desktop\aqi_prediction\data\raw\dawn\images\sand_storm-283.jpg,331.6,Hazardous,dawn
sand_storm-284.jpg,C:\Users\Srujan Jadhav\Desktop\aqi_prediction\data\raw\dawn\images\sand_storm-284.jpg,359.9,Hazardous,dawn
sand_storm-285.jpg,C:\Users\Srujan Jadhav\Desktop\aqi_prediction\data\raw\dawn\images\sand_storm-285.jpg,281.6,Very Unhealthy,dawn
sand_storm-286.jpg,C:\Users\Srujan Jadhav\Desktop\aqi_prediction\data\raw\dawn\images\sand_storm-286.jpg,283.0,Very Unhealthy,dawn
sand_storm-288.jpg,C:\Users\Srujan Jadhav\Desktop\aqi_prediction\data\raw\dawn\images\sand_storm-288.jpg,312.6,Hazardous,dawn
sand_storm-292.jpg,C:\Users\Srujan Jadhav\Desktop\aqi_prediction\data\raw\dawn\images\sand_storm-292.jpg,290.2,Very Unhealthy,dawn
sand_storm-294.jpg,C:\Users\Srujan Jadhav\Desktop\aqi_prediction\data\raw\dawn\images\sand_storm-294.jpg,338.1,Hazardous,dawn
sand_storm-295.jpg,C:\Users\Srujan Jadhav\Desktop\aqi_prediction\data\raw\dawn\images\sand_storm-295.jpg,209.9,Very Unhealthy,dawn
sand_storm-296.jpg,C:\Users\Srujan Jadhav\Desktop\aqi_prediction\data\raw\dawn\images\sand_storm-296.jpg,266.9,Very Unhealthy,dawn
sand_storm-297.jpg,C:\Users\Srujan Jadhav\Desktop\aqi_prediction\data\raw\dawn\images\sand_storm-297.jpg,268.7,Very Unhealthy,dawn
sand_storm-298.jpg,C:\Users\Srujan Jadhav\Desktop\aqi_prediction\data\raw\dawn\images\sand_storm-298.jpg,207.2,Very Unhealthy,dawn
sand_storm-300.jpg,C:\Users\Srujan Jadhav\Desktop\aqi_prediction\data\raw\dawn\images\sand_storm-300.jpg,261.5,Very Unhealthy,dawn
sand_storm-304.jpg,C:\Users\Srujan Jadhav\Desktop\aqi_prediction\data\raw\dawn\images\sand_storm-304.jpg,263.4,Very Unhealthy,dawn
sand_storm-306.jpg,C:\Users\Srujan Jadhav\Desktop\aqi_prediction\data\raw\dawn\images\sand_storm-306.jpg,292.0,Very Unhealthy,dawn
sand_storm-307.jpg,C:\Users\Srujan Jadhav\Desktop\aqi_prediction\data\raw\dawn\images\sand_storm-307.jpg,344.5,Hazardous,dawn
sand_storm-308.jpg,C:\Users\Srujan Jadhav\Desktop\aqi_prediction\data\raw\dawn\images\sand_storm-308.jpg,290.2,Very Unhealthy,dawn
sand_storm-312.jpg,C:\Users\Srujan Jadhav\Desktop\aqi_prediction\data\raw\dawn\images\sand_storm-312.jpg,258.8,Very Unhealthy,dawn
sand_storm-315.jpg,C:\Users\Srujan Jadhav\Desktop\aqi_prediction\data\raw\dawn\images\sand_storm-315.jpg,297.7,Very Unhealthy,dawn
sand_storm-317.jpg,C:\Users\Srujan Jadhav\Desktop\aqi_prediction\data\raw\dawn\images\sand_storm-317.jpg,342.0,Hazardous,dawn
sand_storm-318.jpg,C:\Users\Srujan Jadhav\Desktop\aqi_prediction\data\raw\dawn\images\sand_storm-318.jpg,261.0,Very Unhealthy,dawn
sand_storm-319.jpg,C:\Users\Srujan Jadhav\Desktop\aqi_prediction\data\raw\dawn\images\sand_storm-319.jpg,263.6,Very Unhealthy,dawn
sand_storm-320.jpg,C:\Users\Srujan Jadhav\Desktop\aqi_prediction\data\raw\dawn\images\sand_storm-320.jpg,322.3,Hazardous,dawn
sand_storm-322.jpg,C:\Users\Srujan Jadhav\Desktop\aqi_prediction\data\raw\dawn\images\sand_storm-322.jpg,291.1,Very Unhealthy,dawn
sand_storm-324.jpg,C:\Users\Srujan Jadhav\Desktop\aqi_prediction\data\raw\dawn\images\sand_storm-324.jpg,325.9,Hazardous,dawn
sand_storm-326.jpg,C:\Users\Srujan Jadhav\Desktop\aqi_prediction\data\raw\dawn\images\sand_storm-326.jpg,299.5,Very Unhealthy,dawn
sand_storm-328.jpg,C:\Users\Srujan Jadhav\Desktop\aqi_prediction\data\raw\dawn\images\sand_storm-328.jpg,328.1,Hazardous,dawn
sand_storm-329.jpg,C:\Users\Srujan Jadhav\Desktop\aqi_prediction\data\raw\dawn\images\sand_storm-329.jpg,258.6,Very Unhealthy,dawn
sand_storm-331.jpg,C:\Users\Srujan Jadhav\Desktop\aqi_prediction\data\raw\dawn\images\sand_storm-331.jpg,299.5,Very Unhealthy,dawn
sand_storm-332.jpg,C:\Users\Srujan Jadhav\Desktop\aqi_prediction\data\raw\dawn\images\sand_storm-332.jpg,291.6,Very Unhealthy,dawn
sand_storm-334.jpg,C:\Users\Srujan Jadhav\Desktop\aqi_prediction\data\raw\dawn\images\sand_storm-334.jpg,251.4,Very Unhealthy,dawn
sand_storm-335.jpg,C:\Users\Srujan Jadhav\Desktop\aqi_prediction\data\raw\dawn\images\sand_storm-335.jpg,237.5,Very Unhealthy,dawn
sand_storm-337.jpg,C:\Users\Srujan Jadhav\Desktop\aqi_prediction\data\raw\dawn\images\sand_storm-337.jpg,327.4,Hazardous,dawn
sand_storm-339.jpg,C:\Users\Srujan Jadhav\Desktop\aqi_prediction\data\raw\dawn\images\sand_storm-339.jpg,286.0,Very Unhealthy,dawn
sand_storm-341.jpg,C:\Users\Srujan Jadhav\Desktop\aqi_prediction\data\raw\dawn\images\sand_storm-341.jpg,259.1,Very Unhealthy,dawn
sand_storm-343.jpg,C:\Users\Srujan Jadhav\Desktop\aqi_prediction\data\raw\dawn\images\sand_storm-343.jpg,296.2,Very Unhealthy,dawn
sand_storm-345.jpg,C:\Users\Srujan Jadhav\Desktop\aqi_prediction\data\raw\dawn\images\sand_storm-345.jpg,345.1,Hazardous,dawn
sand_storm-346.jpg,C:\Users\Srujan Jadhav\Desktop\aqi_prediction\data\raw\dawn\images\sand_storm-346.jpg,208.8,Very Unhealthy,dawn
sand_storm-348.jpg,C:\Users\Srujan Jadhav\Desktop\aqi_prediction\data\raw\dawn\images\sand_storm-348.jpg,240.1,Very Unhealthy,dawn
sand_storm-349.jpg,C:\Users\Srujan Jadhav\Desktop\aqi_prediction\data\raw\dawn\images\sand_storm-349.jpg,263.1,Very Unhealthy,dawn
sand_storm-351.jpg,C:\Users\Srujan Jadhav\Desktop\aqi_prediction\data\raw\dawn\images\sand_storm-351.jpg,358.4,Hazardous,dawn
sand_storm-353.jpg,C:\Users\Srujan Jadhav\Desktop\aqi_prediction\data\raw\dawn\images\sand_storm-353.jpg,311.3,Hazardous,dawn
sand_storm-355.jpg,C:\Users\Srujan Jadhav\Desktop\aqi_prediction\data\raw\dawn\images\sand_storm-355.jpg,330.7,Hazardous,dawn
sand_storm-357.jpg,C:\Users\Srujan Jadhav\Desktop\aqi_prediction\data\raw\dawn\images\sand_storm-357.jpg,254.4,Very Unhealthy,dawn
sand_storm-358.jpg,C:\Users\Srujan Jadhav\Desktop\aqi_prediction\data\raw\dawn\images\sand_storm-358.jpg,255.2,Very Unhealthy,dawn
sand_storm-359.jpg,C:\Users\Srujan Jadhav\Desktop\aqi_prediction\data\raw\dawn\images\sand_storm-359.jpg,317.9,Hazardous,dawn
sand_storm-361.jpg,C:\Users\Srujan Jadhav\Desktop\aqi_prediction\data\raw\dawn\images\sand_storm-361.jpg,302.3,Hazardous,dawn
sand_storm-363.jpg,C:\Users\Srujan Jadhav\Desktop\aqi_prediction\data\raw\dawn\images\sand_storm-363.jpg,321.9,Hazardous,dawn
sand_storm-365.jpg,C:\Users\Srujan Jadhav\Desktop\aqi_prediction\data\raw\dawn\images\sand_storm-365.jpg,292.5,Very Unhealthy,dawn
sand_storm-367.jpg,C:\Users\Srujan Jadhav\Desktop\aqi_prediction\data\raw\dawn\images\sand_storm-367.jpg,311.1,Hazardous,dawn
sand_storm-368.jpg,C:\Users\Srujan Jadhav\Desktop\aqi_prediction\data\raw\dawn\images\sand_storm-368.jpg,306.3,Hazardous,dawn
sand_storm-370.jpg,C:\Users\Srujan Jadhav\Desktop\aqi_prediction\data\raw\dawn\images\sand_storm-370.jpg,331.1,Hazardous,dawn
sand_storm-373.jpg,C:\Users\Srujan Jadhav\Desktop\aqi_prediction\data\raw\dawn\images\sand_storm-373.jpg,332.3,Hazardous,dawn
sand_storm-379.jpg,C:\Users\Srujan Jadhav\Desktop\aqi_prediction\data\raw\dawn\images\sand_storm-379.jpg,235.2,Very Unhealthy,dawn
sand_storm-381.jpg,C:\Users\Srujan Jadhav\Desktop\aqi_prediction\data\raw\dawn\images\sand_storm-381.jpg,210.1,Very Unhealthy,dawn
sand_storm-382.jpg,C:\Users\Srujan Jadhav\Desktop\aqi_prediction\data\raw\dawn\images\sand_storm-382.jpg,340.1,Hazardous,dawn
sand_storm-384.jpg,C:\Users\Srujan Jadhav\Desktop\aqi_prediction\data\raw\dawn\images\sand_storm-384.jpg,347.5,Hazardous,dawn
sand_storm-386.jpg,C:\Users\Srujan Jadhav\Desktop\aqi_prediction\data\raw\dawn\images\sand_storm-386.jpg,259.2,Very Unhealthy,dawn
sand_storm-388.jpg,C:\Users\Srujan Jadhav\Desktop\aqi_prediction\data\raw\dawn\images\sand_storm-388.jpg,225.6,Very Unhealthy,dawn
sand_storm-390.jpg,C:\Users\Srujan Jadhav\Desktop\aqi_prediction\data\raw\dawn\images\sand_storm-390.jpg,304.0,Hazardous,dawn
sand_storm-391.jpg,C:\Users\Srujan Jadhav\Desktop\aqi_prediction\data\raw\dawn\images\sand_storm-391.jpg,337.2,Hazardous,dawn
sand_storm-757.jpg,C:\Users\Srujan Jadhav\Desktop\aqi_prediction\data\raw\dawn\images\sand_storm-757.jpg,371.9,Hazardous,dawn
sand_storm-802.jpg,C:\Users\Srujan Jadhav\Desktop\aqi_prediction\data\raw\dawn\images\sand_storm-802.jpg,320.7,Hazardous,dawn
sand_storm-835.jpg,C:\Users\Srujan Jadhav\Desktop\aqi_prediction\data\raw\dawn\images\sand_storm-835.jpg,285.1,Very Unhealthy,dawn
sand_storm-901.jpg,C:\Users\Srujan Jadhav\Desktop\aqi_prediction\data\raw\dawn\images\sand_storm-901.jpg,264.3,Very Unhealthy,dawn
sand_storm-902.jpg,C:\Users\Srujan Jadhav\Desktop\aqi_prediction\data\raw\dawn\images\sand_storm-902.jpg,300.5,Unknown,dawn
sand_storm-910.jpg,C:\Users\Srujan Jadhav\Desktop\aqi_prediction\data\raw\dawn\images\sand_storm-910.jpg,288.0,Very Unhealthy,dawn
sand_storm-911.jpg,C:\Users\Srujan Jadhav\Desktop\aqi_prediction\data\raw\dawn\images\sand_storm-911.jpg,259.4,Very Unhealthy,dawn
sand_storm-913.jpg,C:\Users\Srujan Jadhav\Desktop\aqi_prediction\data\raw\dawn\images\sand_storm-913.jpg,382.0,Hazardous,dawn
sand_storm-923.jpg,C:\Users\Srujan Jadhav\Desktop\aqi_prediction\data\raw\dawn\images\sand_storm-923.jpg,371.4,Hazardous,dawn
sand_storm-924.jpg,C:\Users\Srujan Jadhav\Desktop\aqi_prediction\data\raw\dawn\images\sand_storm-924.jpg,345.4,Hazardous,dawn
sand_storm-928.jpg,C:\Users\Srujan Jadhav\Desktop\aqi_prediction\data\raw\dawn\images\sand_storm-928.jpg,263.2,Very Unhealthy,dawn
sand_storm-932.jpg,C:\Users\Srujan Jadhav\Desktop\aqi_prediction\data\raw\dawn\images\sand_storm-932.jpg,334.2,Hazardous,dawn
sand_storm-935.jpg,C:\Users\Srujan Jadhav\Desktop\aqi_prediction\data\raw\dawn\images\sand_storm-935.jpg,325.6,Hazardous,dawn
sand_storm-936.jpg,C:\Users\Srujan Jadhav\Desktop\aqi_prediction\data\raw\dawn\images\sand_storm-936.jpg,317.7,Hazardous,dawn
sand_storm-940.jpg,C:\Users\Srujan Jadhav\Desktop\aqi_prediction\data\raw\dawn\images\sand_storm-940.jpg,350.0,Hazardous,dawn
sand_storm-943.jpg,C:\Users\Srujan Jadhav\Desktop\aqi_prediction\data\raw\dawn\images\sand_storm-943.jpg,325.4,Hazardous,dawn
sand_storm-953.jpg,C:\Users\Srujan Jadhav\Desktop\aqi_prediction\data\raw\dawn\images\sand_storm-953.jpg,329.6,Hazardous,dawn
sand_storm-961.jpg,C:\Users\Srujan Jadhav\Desktop\aqi_prediction\data\raw\dawn\images\sand_storm-961.jpg,325.5,Hazardous,dawn
sand_storm-978.jpg,C:\Users\Srujan Jadhav\Desktop\aqi_prediction\data\raw\dawn\images\sand_storm-978.jpg,313.6,Hazardous,dawn
sand_storm-989.jpg,C:\Users\Srujan Jadhav\Desktop\aqi_prediction\data\raw\dawn\images\sand_storm-989.jpg,228.7,Very Unhealthy,dawn
sand_storm-991.jpg,C:\Users\Srujan Jadhav\Desktop\aqi_prediction\data\raw\dawn\images\sand_storm-991.jpg,303.3,Hazardous,dawn
sand_storm-999.jpg,C:\Users\Srujan Jadhav\Desktop\aqi_prediction\data\raw\dawn\images\sand_storm-999.jpg,277.8,Very Unhealthy,dawn
sand_storm_g2-921.jpg,C:\Users\Srujan Jadhav\Desktop\aqi_prediction\data\raw\dawn\images\sand_storm_g2-921.jpg,215.2,Very Unhealthy,dawn
sand_storm_g2-992.jpg,C:\Users\Srujan Jadhav\Desktop\aqi_prediction\data\raw\dawn\images\sand_storm_g2-992.jpg,318.9,Hazardous,dawn
sand_storm_g2_-001.jpg,C:\Users\Srujan Jadhav\Desktop\aqi_prediction\data\raw\dawn\images\sand_storm_g2_-001.jpg,285.5,Very Unhealthy,dawn
sand_storm_g2_-003.jpg,C:\Users\Srujan Jadhav\Desktop\aqi_prediction\data\raw\dawn\images\sand_storm_g2_-003.jpg,272.6,Very Unhealthy,dawn
sand_storm_g2_-004.jpg,C:\Users\Srujan Jadhav\Desktop\aqi_prediction\data\raw\dawn\images\sand_storm_g2_-004.jpg,233.9,Very Unhealthy,dawn
sand_storm_g2_-005.jpg,C:\Users\Srujan Jadhav\Desktop\aqi_prediction\data\raw\dawn\images\sand_storm_g2_-005.jpg,272.3,Very Unhealthy,dawn
sand_storm_g2_-006.jpg,C:\Users\Srujan Jadhav\Desktop\aqi_prediction\data\raw\dawn\images\sand_storm_g2_-006.jpg,225.4,Very Unhealthy,dawn
sand_storm_g2_-007.jpg,C:\Users\Srujan Jadhav\Desktop\aqi_prediction\data\raw\dawn\images\sand_storm_g2_-007.jpg,232.1,Very Unhealthy,dawn
sand_storm_g2_-008.jpg,C:\Users\Srujan Jadhav\Desktop\aqi_prediction\data\raw\dawn\images\sand_storm_g2_-008.jpg,186.7,Unhealthy,dawn
sand_storm_g2_-009.jpg,C:\Users\Srujan Jadhav\Desktop\aqi_prediction\data\raw\dawn\images\sand_storm_g2_-009.jpg,238.9,Very Unhealthy,dawn
sand_storm_g2_-010.jpg,C:\Users\Srujan Jadhav\Desktop\aqi_prediction\data\raw\dawn\images\sand_storm_g2_-010.jpg,227.1,Very Unhealthy,dawn
sand_storm_g2_-015.jpg,C:\Users\Srujan Jadhav\Desktop\aqi_prediction\data\raw\dawn\images\sand_storm_g2_-015.jpg,179.4,Unhealthy,dawn
sand_storm_g2_-016.jpg,C:\Users\Srujan Jadhav\Desktop\aqi_prediction\data\raw\dawn\images\sand_storm_g2_-016.jpg,223.2,Very Unhealthy,dawn
sand_storm_g2_-019.jpg,C:\Users\Srujan Jadhav\Desktop\aqi_prediction\data\raw\dawn\images\sand_storm_g2_-019.jpg,222.2,Very Unhealthy,dawn
sand_storm_g2_-021.jpg,C:\Users\Srujan Jadhav\Desktop\aqi_prediction\data\raw\dawn\images\sand_storm_g2_-021.jpg,287.9,Very Unhealthy,dawn
sand_storm_g2_-022.jpg,C:\Users\Srujan Jadhav\Desktop\aqi_prediction\data\raw\dawn\images\sand_storm_g2_-022.jpg,256.3,Very Unhealthy,dawn
sand_storm_g2_-023.jpg,C:\Users\Srujan Jadhav\Desktop\aqi_prediction\data\raw\dawn\images\sand_storm_g2_-023.jpg,225.4,Very Unhealthy,dawn
sand_storm_g2_-024.jpg,C:\Users\Srujan Jadhav\Desktop\aqi_prediction\data\raw\dawn\images\sand_storm_g2_-024.jpg,233.7,Very Unhealthy,dawn
sand_storm_g2_-026.jpg,C:\Users\Srujan Jadhav\Desktop\aqi_prediction\data\raw\dawn\images\sand_storm_g2_-026.jpg,226.5,Very Unhealthy,dawn
sand_storm_g2_-027.jpg,C:\Users\Srujan Jadhav\Desktop\aqi_prediction\data\raw\dawn\images\sand_storm_g2_-027.jpg,217.9,Very Unhealthy,dawn
sand_storm_g2_-028.jpg,C:\Users\Srujan Jadhav\Desktop\aqi_prediction\data\raw\dawn\images\sand_storm_g2_-028.jpg,187.1,Unhealthy,dawn
sand_storm_g2_-029.jpg,C:\Users\Srujan Jadhav\Desktop\aqi_prediction\data\raw\dawn\images\sand_storm_g2_-029.jpg,219.7,Very Unhealthy,dawn
sand_storm_g2_-031.jpg,C:\Users\Srujan Jadhav\Desktop\aqi_prediction\data\raw\dawn\images\sand_storm_g2_-031.jpg,198.9,Unhealthy,dawn
sand_storm_g2_-033.jpg,C:\Users\Srujan Jadhav\Desktop\aqi_prediction\data\raw\dawn\images\sand_storm_g2_-033.jpg,181.2,Unhealthy,dawn
sand_storm_g2_-034.jpg,C:\Users\Srujan Jadhav\Desktop\aqi_prediction\data\raw\dawn\images\sand_storm_g2_-034.jpg,242.9,Very Unhealthy,dawn
sand_storm_g2_-035.jpg,C:\Users\Srujan Jadhav\Desktop\aqi_prediction\data\raw\dawn\images\sand_storm_g2_-035.jpg,238.7,Very Unhealthy,dawn
sand_storm_g2_-036.jpg,C:\Users\Srujan Jadhav\Desktop\aqi_prediction\data\raw\dawn\images\sand_storm_g2_-036.jpg,162.5,Unhealthy,dawn
sand_storm_g2_-041.jpg,C:\Users\Srujan Jadhav\Desktop\aqi_prediction\data\raw\dawn\images\sand_storm_g2_-041.jpg,220.7,Very Unhealthy,dawn
sand_storm_g2_-044.jpg,C:\Users\Srujan Jadhav\Desktop\aqi_prediction\data\raw\dawn\images\sand_storm_g2_-044.jpg,259.8,Very Unhealthy,dawn
sand_storm_g2_-045.jpg,C:\Users\Srujan Jadhav\Desktop\aqi_prediction\data\raw\dawn\images\sand_storm_g2_-045.jpg,262.1,Very Unhealthy,dawn
sand_storm_g2_-053.jpg,C:\Users\Srujan Jadhav\Desktop\aqi_prediction\data\raw\dawn\images\sand_storm_g2_-053.jpg,260.9,Very Unhealthy,dawn
sand_storm_g2_-056.jpg,C:\Users\Srujan Jadhav\Desktop\aqi_prediction\data\raw\dawn\images\sand_storm_g2_-056.jpg,226.4,Very Unhealthy,dawn
sand_storm_g2_-061.jpg,C:\Users\Srujan Jadhav\Desktop\aqi_prediction\data\raw\dawn\images\sand_storm_g2_-061.jpg,195.4,Unhealthy,dawn
sand_storm_g2_-063.jpg,C:\Users\Srujan Jadhav\Desktop\aqi_prediction\data\raw\dawn\images\sand_storm_g2_-063.jpg,187.1,Unhealthy,dawn
sand_storm_g2_-064.jpg,C:\Users\Srujan Jadhav\Desktop\aqi_prediction\data\raw\dawn\images\sand_storm_g2_-064.jpg,237.1,Very Unhealthy,dawn
sand_storm_g2_-065.jpg,C:\Users\Srujan Jadhav\Desktop\aqi_prediction\data\raw\dawn\images\sand_storm_g2_-065.jpg,238.3,Very Unhealthy,dawn
sand_storm_g2_-066.jpg,C:\Users\Srujan Jadhav\Desktop\aqi_prediction\data\raw\dawn\images\sand_storm_g2_-066.jpg,270.1,Very Unhealthy,dawn
sand_storm_g2_-067.jpg,C:\Users\Srujan Jadhav\Desktop\aqi_prediction\data\raw\dawn\images\sand_storm_g2_-067.jpg,263.5,Very Unhealthy,dawn
sand_storm_g2_-068.jpg,C:\Users\Srujan Jadhav\Desktop\aqi_prediction\data\raw\dawn\images\sand_storm_g2_-068.jpg,220.4,Very Unhealthy,dawn
sand_storm_g2_-070.jpg,C:\Users\Srujan Jadhav\Desktop\aqi_prediction\data\raw\dawn\images\sand_storm_g2_-070.jpg,181.5,Unhealthy,dawn
sand_storm_g2_-071.jpg,C:\Users\Srujan Jadhav\Desktop\aqi_prediction\data\raw\dawn\images\sand_storm_g2_-071.jpg,213.8,Very Unhealthy,dawn
sand_storm_g2_-073.jpg,C:\Users\Srujan Jadhav\Desktop\aqi_prediction\data\raw\dawn\images\sand_storm_g2_-073.jpg,232.6,Very Unhealthy,dawn
sand_storm_g2_-075.jpg,C:\Users\Srujan Jadhav\Desktop\aqi_prediction\data\raw\dawn\images\sand_storm_g2_-075.jpg,217.9,Very Unhealthy,dawn
sand_storm_g2_-077.jpg,C:\Users\Srujan Jadhav\Desktop\aqi_prediction\data\raw\dawn\images\sand_storm_g2_-077.jpg,204.8,Very Unhealthy,dawn
sand_storm_g2_-079.jpg,C:\Users\Srujan Jadhav\Desktop\aqi_prediction\data\raw\dawn\images\sand_storm_g2_-079.jpg,233.9,Very Unhealthy,dawn
sand_storm_g2_-080.jpg,C:\Users\Srujan Jadhav\Desktop\aqi_prediction\data\raw\dawn\images\sand_storm_g2_-080.jpg,207.4,Very Unhealthy,dawn
sand_storm_g2_-084.jpg,C:\Users\Srujan Jadhav\Desktop\aqi_prediction\data\raw\dawn\images\sand_storm_g2_-084.jpg,203.0,Very Unhealthy,dawn
sand_storm_g2_-085.jpg,C:\Users\Srujan Jadhav\Desktop\aqi_prediction\data\raw\dawn\images\sand_storm_g2_-085.jpg,235.9,Very Unhealthy,dawn
sand_storm_g2_-086.jpg,C:\Users\Srujan Jadhav\Desktop\aqi_prediction\data\raw\dawn\images\sand_storm_g2_-086.jpg,210.9,Very Unhealthy,dawn
sand_storm_g2_-087.jpg,C:\Users\Srujan Jadhav\Desktop\aqi_prediction\data\raw\dawn\images\sand_storm_g2_-087.jpg,233.5,Very Unhealthy,dawn
sand_storm_g2_-089.jpg,C:\Users\Srujan Jadhav\Desktop\aqi_prediction\data\raw\dawn\images\sand_storm_g2_-089.jpg,234.6,Very Unhealthy,dawn
sand_storm_g2_-090.jpg,C:\Users\Srujan Jadhav\Desktop\aqi_prediction\data\raw\dawn\images\sand_storm_g2_-090.jpg,185.1,Unhealthy,dawn
sand_storm_g2_-091.jpg,C:\Users\Srujan Jadhav\Desktop\aqi_prediction\data\raw\dawn\images\sand_storm_g2_-091.jpg,208.2,Very Unhealthy,dawn
sand_storm_g2_-092.jpg,C:\Users\Srujan Jadhav\Desktop\aqi_prediction\data\raw\dawn\images\sand_storm_g2_-092.jpg,275.3,Very Unhealthy,dawn
sand_storm_g2_-932.jpg,C:\Users\Srujan Jadhav\Desktop\aqi_prediction\data\raw\dawn\images\sand_storm_g2_-932.jpg,184.3,Unhealthy,dawn
snow_storm-001.jpg,C:\Users\Srujan Jadhav\Desktop\aqi_prediction\data\raw\dawn\images\snow_storm-001.jpg,42.7,Good,dawn
snow_storm-002.jpg,C:\Users\Srujan Jadhav\Desktop\aqi_prediction\data\raw\dawn\images\snow_storm-002.jpg,47.8,Good,dawn
snow_storm-003.jpg,C:\Users\Srujan Jadhav\Desktop\aqi_prediction\data\raw\dawn\images\snow_storm-003.jpg,85.6,Moderate,dawn
snow_storm-004.jpg,C:\Users\Srujan Jadhav\Desktop\aqi_prediction\data\raw\dawn\images\snow_storm-004.jpg,85.6,Moderate,dawn
snow_storm-005.jpg,C:\Users\Srujan Jadhav\Desktop\aqi_prediction\data\raw\dawn\images\snow_storm-005.jpg,82.6,Moderate,dawn
snow_storm-006.jpg,C:\Users\Srujan Jadhav\Desktop\aqi_prediction\data\raw\dawn\images\snow_storm-006.jpg,109.3,Unhealthy for Sensitive Groups,dawn
snow_storm-007.jpg,C:\Users\Srujan Jadhav\Desktop\aqi_prediction\data\raw\dawn\images\snow_storm-007.jpg,31.5,Good,dawn
snow_storm-008.jpg,C:\Users\Srujan Jadhav\Desktop\aqi_prediction\data\raw\dawn\images\snow_storm-008.jpg,92.9,Moderate,dawn
snow_storm-009.jpg,C:\Users\Srujan Jadhav\Desktop\aqi_prediction\data\raw\dawn\images\snow_storm-009.jpg,116.2,Unhealthy for Sensitive Groups,dawn
snow_storm-010.jpg,C:\Users\Srujan Jadhav\Desktop\aqi_prediction\data\raw\dawn\images\snow_storm-010.jpg,62.4,Moderate,dawn
snow_storm-011.jpg,C:\Users\Srujan Jadhav\Desktop\aqi_prediction\data\raw\dawn\images\snow_storm-011.jpg,77.4,Moderate,dawn
snow_storm-012.jpg,C:\Users\Srujan Jadhav\Desktop\aqi_prediction\data\raw\dawn\images\snow_storm-012.jpg,69.9,Moderate,dawn
snow_storm-013.jpg,C:\Users\Srujan Jadhav\Desktop\aqi_prediction\data\raw\dawn\images\snow_storm-013.jpg,67.1,Moderate,dawn
snow_storm-014.jpg,C:\Users\Srujan Jadhav\Desktop\aqi_prediction\data\raw\dawn\images\snow_storm-014.jpg,78.5,Moderate,dawn
snow_storm-016.jpg,C:\Users\Srujan Jadhav\Desktop\aqi_prediction\data\raw\dawn\images\snow_storm-016.jpg,113.5,Unhealthy for Sensitive Groups,dawn
snow_storm-017.jpg,C:\Users\Srujan Jadhav\Desktop\aqi_prediction\data\raw\dawn\images\snow_storm-017.jpg,121.7,Unhealthy for Sensitive Groups,dawn
snow_storm-018.jpg,C:\Users\Srujan Jadhav\Desktop\aqi_prediction\data\raw\dawn\images\snow_storm-018.jpg,78.3,Moderate,dawn
snow_storm-019.jpg,C:\Users\Srujan Jadhav\Desktop\aqi_prediction\data\raw\dawn\images\snow_storm-019.jpg,123.1,Unhealthy for Sensitive Groups,dawn
snow_storm-020.jpg,C:\Users\Srujan Jadhav\Desktop\aqi_prediction\data\raw\dawn\images\snow_storm-020.jpg,85.7,Moderate,dawn
snow_storm-021.jpg,C:\Users\Srujan Jadhav\Desktop\aqi_prediction\data\raw\dawn\images\snow_storm-021.jpg,120.1,Unhealthy for Sensitive Groups,dawn
snow_storm-022.jpg,C:\Users\Srujan Jadhav\Desktop\aqi_prediction\data\raw\dawn\images\snow_storm-022.jpg,83.1,Moderate,dawn
snow_storm-023.jpg,C:\Users\Srujan Jadhav\Desktop\aqi_prediction\data\raw\dawn\images\snow_storm-023.jpg,87.6,Moderate,dawn
snow_storm-024.jpg,C:\Users\Srujan Jadhav\Desktop\aqi_prediction\data\raw\dawn\images\snow_storm-024.jpg,92.3,Moderate,dawn
snow_storm-025.jpg,C:\Users\Srujan Jadhav\Desktop\aqi_prediction\data\raw\dawn\images\snow_storm-025.jpg,148.6,Unhealthy for Sensitive Groups,dawn
snow_storm-026.jpg,C:\Users\Srujan Jadhav\Desktop\aqi_prediction\data\raw\dawn\images\snow_storm-026.jpg,102.0,Unhealthy for Sensitive Groups,dawn
snow_storm-027.jpg,C:\Users\Srujan Jadhav\Desktop\aqi_prediction\data\raw\dawn\images\snow_storm-027.jpg,70.9,Moderate,dawn
snow_storm-028.jpg,C:\Users\Srujan Jadhav\Desktop\aqi_prediction\data\raw\dawn\images\snow_storm-028.jpg,104.4,Unhealthy for Sensitive Groups,dawn
snow_storm-029.jpg,C:\Users\Srujan Jadhav\Desktop\aqi_prediction\data\raw\dawn\images\snow_storm-029.jpg,77.8,Moderate,dawn
snow_storm-040.jpg,C:\Users\Srujan Jadhav\Desktop\aqi_prediction\data\raw\dawn\images\snow_storm-040.jpg,75.2,Moderate,dawn
snow_storm-041.jpg,C:\Users\Srujan Jadhav\Desktop\aqi_prediction\data\raw\dawn\images\snow_storm-041.jpg,103.2,Unhealthy for Sensitive Groups,dawn
snow_storm-043.jpg,C:\Users\Srujan Jadhav\Desktop\aqi_prediction\data\raw\dawn\images\snow_storm-043.jpg,85.6,Moderate,dawn
snow_storm-044.jpg,C:\Users\Srujan Jadhav\Desktop\aqi_prediction\data\raw\dawn\images\snow_storm-044.jpg,90.6,Moderate,dawn
snow_storm-045.jpg,C:\Users\Srujan Jadhav\Desktop\aqi_prediction\data\raw\dawn\images\snow_storm-045.jpg,85.3,Moderate,dawn
snow_storm-046.jpg,C:\Users\Srujan Jadhav\Desktop\aqi_prediction\data\raw\dawn\images\snow_storm-046.jpg,91.7,Moderate,dawn
snow_storm-047.jpg,C:\Users\Srujan Jadhav\Desktop\aqi_prediction\data\raw\dawn\images\snow_storm-047.jpg,93.5,Moderate,dawn
snow_storm-048.jpg,C:\Users\Srujan Jadhav\Desktop\aqi_prediction\data\raw\dawn\images\snow_storm-048.jpg,46.3,Good,dawn
snow_storm-049.jpg,C:\Users\Srujan Jadhav\Desktop\aqi_prediction\data\raw\dawn\images\snow_storm-049.jpg,98.3,Moderate,dawn
snow_storm-050.jpg,C:\Users\Srujan Jadhav\Desktop\aqi_prediction\data\raw\dawn\images\snow_storm-050.jpg,65.4,Moderate,dawn
snow_storm-051.jpg,C:\Users\Srujan Jadhav\Desktop\aqi_prediction\data\raw\dawn\images\snow_storm-051.jpg,56.2,Moderate,dawn
snow_storm-052.jpg,C:\Users\Srujan Jadhav\Desktop\aqi_prediction\data\raw\dawn\images\snow_storm-052.jpg,83.8,Moderate,dawn
snow_storm-053.jpg,C:\Users\Srujan Jadhav\Desktop\aqi_prediction\data\raw\dawn\images\snow_storm-053.jpg,86.7,Moderate,dawn
snow_storm-054.jpg,C:\Users\Srujan Jadhav\Desktop\aqi_prediction\data\raw\dawn\images\snow_storm-054.jpg,71.1,Moderate,dawn
snow_storm-055.jpg,C:\Users\Srujan Jadhav\Desktop\aqi_prediction\data\raw\dawn\images\snow_storm-055.jpg,101.6,Unhealthy for Sensitive Groups,dawn
snow_storm-056.jpg,C:\Users\Srujan Jadhav\Desktop\aqi_prediction\data\raw\dawn\images\snow_storm-056.jpg,58.2,Moderate,dawn
snow_storm-057.jpg,C:\Users\Srujan Jadhav\Desktop\aqi_prediction\data\raw\dawn\images\snow_storm-057.jpg,76.9,Moderate,dawn
snow_storm-059.jpg,C:\Users\Srujan Jadhav\Desktop\aqi_prediction\data\raw\dawn\images\snow_storm-059.jpg,73.3,Moderate,dawn
snow_storm-060.jpg,C:\Users\Srujan Jadhav\Desktop\aqi_prediction\data\raw\dawn\images\snow_storm-060.jpg,84.1,Moderate,dawn
snow_storm-061.jpg,C:\Users\Srujan Jadhav\Desktop\aqi_prediction\data\raw\dawn\images\snow_storm-061.jpg,90.6,Moderate,dawn
snow_storm-062.jpg,C:\Users\Srujan Jadhav\Desktop\aqi_prediction\data\raw\dawn\images\snow_storm-062.jpg,64.8,Moderate,dawn
snow_storm-063.jpg,C:\Users\Srujan Jadhav\Desktop\aqi_prediction\data\raw\dawn\images\snow_storm-063.jpg,99.5,Moderate,dawn
snow_storm-065.jpg,C:\Users\Srujan Jadhav\Desktop\aqi_prediction\data\raw\dawn\images\snow_storm-065.jpg,86.3,Moderate,dawn
snow_storm-066.jpg,C:\Users\Srujan Jadhav\Desktop\aqi_prediction\data\raw\dawn\images\snow_storm-066.jpg,47.2,Good,dawn
snow_storm-067.jpg,C:\Users\Srujan Jadhav\Desktop\aqi_prediction\data\raw\dawn\images\snow_storm-067.jpg,45.8,Good,dawn
snow_storm-068.jpg,C:\Users\Srujan Jadhav\Desktop\aqi_prediction\data\raw\dawn\images\snow_storm-068.jpg,84.8,Moderate,dawn
snow_storm-069.jpg,C:\Users\Srujan Jadhav\Desktop\aqi_prediction\data\raw\dawn\images\snow_storm-069.jpg,80.6,Moderate,dawn
snow_storm-070.jpg,C:\Users\Srujan Jadhav\Desktop\aqi_prediction\data\raw\dawn\images\snow_storm-070.jpg,82.9,Moderate,dawn
snow_storm-071.jpg,C:\Users\Srujan Jadhav\Desktop\aqi_prediction\data\raw\dawn\images\snow_storm-071.jpg,84.4,Moderate,dawn
snow_storm-072.jpg,C:\Users\Srujan Jadhav\Desktop\aqi_prediction\data\raw\dawn\images\snow_storm-072.jpg,89.5,Moderate,dawn
snow_storm-073.jpg,C:\Users\Srujan Jadhav\Desktop\aqi_prediction\data\raw\dawn\images\snow_storm-073.jpg,104.0,Unhealthy for Sensitive Groups,dawn
snow_storm-074.jpg,C:\Users\Srujan Jadhav\Desktop\aqi_prediction\data\raw\dawn\images\snow_storm-074.jpg,62.8,Moderate,dawn
snow_storm-075.jpg,C:\Users\Srujan Jadhav\Desktop\aqi_prediction\data\raw\dawn\images\snow_storm-075.jpg,61.6,Moderate,dawn
snow_storm-076.jpg,C:\Users\Srujan Jadhav\Desktop\aqi_prediction\data\raw\dawn\images\snow_storm-076.jpg,63.1,Moderate,dawn
snow_storm-077.jpg,C:\Users\Srujan Jadhav\Desktop\aqi_prediction\data\raw\dawn\images\snow_storm-077.jpg,90.8,Moderate,dawn
snow_storm-078.jpg,C:\Users\Srujan Jadhav\Desktop\aqi_prediction\data\raw\dawn\images\snow_storm-078.jpg,109.9,Unhealthy for Sensitive Groups,dawn
snow_storm-079.jpg,C:\Users\Srujan Jadhav\Desktop\aqi_prediction\data\raw\dawn\images\snow_storm-079.jpg,76.4,Moderate,dawn
snow_storm-082.jpg,C:\Users\Srujan Jadhav\Desktop\aqi_prediction\data\raw\dawn\images\snow_storm-082.jpg,35.0,Good,dawn
snow_storm-083.jpg,C:\Users\Srujan Jadhav\Desktop\aqi_prediction\data\raw\dawn\images\snow_storm-083.jpg,50.9,Unknown,dawn
snow_storm-084.jpg,C:\Users\Srujan Jadhav\Desktop\aqi_prediction\data\raw\dawn\images\snow_storm-084.jpg,68.3,Moderate,dawn
snow_storm-085.jpg,C:\Users\Srujan Jadhav\Desktop\aqi_prediction\data\raw\dawn\images\snow_storm-085.jpg,73.8,Moderate,dawn
snow_storm-086.jpg,C:\Users\Srujan Jadhav\Desktop\aqi_prediction\data\raw\dawn\images\snow_storm-086.jpg,76.8,Moderate,dawn
snow_storm-087.jpg,C:\Users\Srujan Jadhav\Desktop\aqi_prediction\data\raw\dawn\images\snow_storm-087.jpg,85.8,Moderate,dawn
snow_storm-088.jpg,C:\Users\Srujan Jadhav\Desktop\aqi_prediction\data\raw\dawn\images\snow_storm-088.jpg,78.8,Moderate,dawn
snow_storm-089.jpg,C:\Users\Srujan Jadhav\Desktop\aqi_prediction\data\raw\dawn\images\snow_storm-089.jpg,106.0,Unhealthy for Sensitive Groups,dawn
snow_storm-090.jpg,C:\Users\Srujan Jadhav\Desktop\aqi_prediction\data\raw\dawn\images\snow_storm-090.jpg,71.5,Moderate,dawn
snow_storm-091.jpg,C:\Users\Srujan Jadhav\Desktop\aqi_prediction\data\raw\dawn\images\snow_storm-091.jpg,67.8,Moderate,dawn
snow_storm-092.jpg,C:\Users\Srujan Jadhav\Desktop\aqi_prediction\data\raw\dawn\images\snow_storm-092.jpg,94.6,Moderate,dawn
snow_storm-093.jpg,C:\Users\Srujan Jadhav\Desktop\aqi_prediction\data\raw\dawn\images\snow_storm-093.jpg,54.3,Moderate,dawn
snow_storm-094.jpg,C:\Users\Srujan Jadhav\Desktop\aqi_prediction\data\raw\dawn\images\snow_storm-094.jpg,92.8,Moderate,dawn
snow_storm-095.jpg,C:\Users\Srujan Jadhav\Desktop\aqi_prediction\data\raw\dawn\images\snow_storm-095.jpg,87.1,Moderate,dawn
snow_storm-096.jpg,C:\Users\Srujan Jadhav\Desktop\aqi_prediction\data\raw\dawn\images\snow_storm-096.jpg,82.1,Moderate,dawn
snow_storm-097.jpg,C:\Users\Srujan Jadhav\Desktop\aqi_prediction\data\raw\dawn\images\snow_storm-097.jpg,116.8,Unhealthy for Sensitive Groups,dawn
snow_storm-101.jpg,C:\Users\Srujan Jadhav\Desktop\aqi_prediction\data\raw\dawn\images\snow_storm-101.jpg,72.6,Moderate,dawn
snow_storm-103.jpg,C:\Users\Srujan Jadhav\Desktop\aqi_prediction\data\raw\dawn\images\snow_storm-103.jpg,126.2,Unhealthy for Sensitive Groups,dawn
snow_storm-105.jpg,C:\Users\Srujan Jadhav\Desktop\aqi_prediction\data\raw\dawn\images\snow_storm-105.jpg,80.5,Moderate,dawn
snow_storm-107.jpg,C:\Users\Srujan Jadhav\Desktop\aqi_prediction\data\raw\dawn\images\snow_storm-107.jpg,59.5,Moderate,dawn
snow_storm-109.jpg,C:\Users\Srujan Jadhav\Desktop\aqi_prediction\data\raw\dawn\images\snow_storm-109.jpg,86.4,Moderate,dawn
snow_storm-111.jpg,C:\Users\Srujan Jadhav\Desktop\aqi_prediction\data\raw\dawn\images\snow_storm-111.jpg,63.5,Moderate,dawn
snow_storm-113.jpg,C:\Users\Srujan Jadhav\Desktop\aqi_prediction\data\raw\dawn\images\snow_storm-113.jpg,70.0,Moderate,dawn
snow_storm-115.jpg,C:\Users\Srujan Jadhav\Desktop\aqi_prediction\data\raw\dawn\images\snow_storm-115.jpg,92.9,Moderate,dawn
snow_storm-117.jpg,C:\Users\Srujan Jadhav\Desktop\aqi_prediction\data\raw\dawn\images\snow_storm-117.jpg,96.1,Moderate,dawn
snow_storm-119.jpg,C:\Users\Srujan Jadhav\Desktop\aqi_prediction\data\raw\dawn\images\snow_storm-119.jpg,72.6,Moderate,dawn
snow_storm-121.jpg,C:\Users\Srujan Jadhav\Desktop\aqi_prediction\data\raw\dawn\images\snow_storm-121.jpg,104.7,Unhealthy for Sensitive Groups,dawn
snow_storm-125.jpg,C:\Users\Srujan Jadhav\Desktop\aqi_prediction\data\raw\dawn\images\snow_storm-125.jpg,108.2,Unhealthy for Sensitive Groups,dawn
snow_storm-127.jpg,C:\Users\Srujan Jadhav\Desktop\aqi_prediction\data\raw\dawn\images\snow_storm-127.jpg,113.7,Unhealthy for Sensitive Groups,dawn
snow_storm-129.jpg,C:\Users\Srujan Jadhav\Desktop\aqi_prediction\data\raw\dawn\images\snow_storm-129.jpg,95.6,Moderate,dawn
snow_storm-131.jpg,C:\Users\Srujan Jadhav\Desktop\aqi_prediction\data\raw\dawn\images\snow_storm-131.jpg,112.3,Unhealthy for Sensitive Groups,dawn
snow_storm-133.jpg,C:\Users\Srujan Jadhav\Desktop\aqi_prediction\data\raw\dawn\images\snow_storm-133.jpg,47.4,Good,dawn
snow_storm-135.jpg,C:\Users\Srujan Jadhav\Desktop\aqi_prediction\data\raw\dawn\images\snow_storm-135.jpg,78.6,Moderate,dawn
snow_storm-137.jpg,C:\Users\Srujan Jadhav\Desktop\aqi_prediction\data\raw\dawn\images\snow_storm-137.jpg,67.7,Moderate,dawn
snow_storm-139.jpg,C:\Users\Srujan Jadhav\Desktop\aqi_prediction\data\raw\dawn\images\snow_storm-139.jpg,87.4,Moderate,dawn
snow_storm-141.jpg,C:\Users\Srujan Jadhav\Desktop\aqi_prediction\data\raw\dawn\images\snow_storm-141.jpg,73.6,Moderate,dawn
snow_storm-143.jpg,C:\Users\Srujan Jadhav\Desktop\aqi_prediction\data\raw\dawn\images\snow_storm-143.jpg,81.7,Moderate,dawn
snow_storm-145.jpg,C:\Users\Srujan Jadhav\Desktop\aqi_prediction\data\raw\dawn\images\snow_storm-145.jpg,122.6,Unhealthy for Sensitive Groups,dawn
snow_storm-147.jpg,C:\Users\Srujan Jadhav\Desktop\aqi_prediction\data\raw\dawn\images\snow_storm-147.jpg,81.6,Moderate,dawn
snow_storm-149.jpg,C:\Users\Srujan Jadhav\Desktop\aqi_prediction\data\raw\dawn\images\snow_storm-149.jpg,93.3,Moderate,dawn
snow_storm-151.jpg,C:\Users\Srujan Jadhav\Desktop\aqi_prediction\data\raw\dawn\images\snow_storm-151.jpg,80.4,Moderate,dawn
snow_storm-153.jpg,C:\Users\Srujan Jadhav\Desktop\aqi_prediction\data\raw\dawn\images\snow_storm-153.jpg,86.5,Moderate,dawn
snow_storm-156.jpg,C:\Users\Srujan Jadhav\Desktop\aqi_prediction\data\raw\dawn\images\snow_storm-156.jpg,85.1,Moderate,dawn
snow_storm-158.jpg,C:\Users\Srujan Jadhav\Desktop\aqi_prediction\data\raw\dawn\images\snow_storm-158.jpg,94.0,Moderate,dawn
snow_storm-160.jpg,C:\Users\Srujan Jadhav\Desktop\aqi_prediction\data\raw\dawn\images\snow_storm-160.jpg,108.3,Unhealthy for Sensitive Groups,dawn
snow_storm-162.jpg,C:\Users\Srujan Jadhav\Desktop\aqi_prediction\data\raw\dawn\images\snow_storm-162.jpg,117.9,Unhealthy for Sensitive Groups,dawn
snow_storm-164.jpg,C:\Users\Srujan Jadhav\Desktop\aqi_prediction\data\raw\dawn\images\snow_storm-164.jpg,91.2,Moderate,dawn
snow_storm-166.jpg,C:\Users\Srujan Jadhav\Desktop\aqi_prediction\data\raw\dawn\images\snow_storm-166.jpg,96.8,Moderate,dawn
snow_storm-168.jpg,C:\Users\Srujan Jadhav\Desktop\aqi_prediction\data\raw\dawn\images\snow_storm-168.jpg,62.0,Moderate,dawn
snow_storm-170.jpg,C:\Users\Srujan Jadhav\Desktop\aqi_prediction\data\raw\dawn\images\snow_storm-170.jpg,83.2,Moderate,dawn
snow_storm-172.jpg,C:\Users\Srujan Jadhav\Desktop\aqi_prediction\data\raw\dawn\images\snow_storm-172.jpg,103.8,Unhealthy for Sensitive Groups,dawn
snow_storm-176.jpg,C:\Users\Srujan Jadhav\Desktop\aqi_prediction\data\raw\dawn\images\snow_storm-176.jpg,102.3,Unhealthy for Sensitive Groups,dawn
snow_storm-178.jpg,C:\Users\Srujan Jadhav\Desktop\aqi_prediction\data\raw\dawn\images\snow_storm-178.jpg,89.2,Moderate,dawn
snow_storm-180.jpg,C:\Users\Srujan Jadhav\Desktop\aqi_prediction\data\raw\dawn\images\snow_storm-180.jpg,102.7,Unhealthy for Sensitive Groups,dawn
snow_storm-182.jpg,C:\Users\Srujan Jadhav\Desktop\aqi_prediction\data\raw\dawn\images\snow_storm-182.jpg,94.8,Moderate,dawn
snow_storm-184.jpg,C:\Users\Srujan Jadhav\Desktop\aqi_prediction\data\raw\dawn\images\snow_storm-184.jpg,109.0,Unhealthy for Sensitive Groups,dawn
snow_storm-186.jpg,C:\Users\Srujan Jadhav\Desktop\aqi_prediction\data\raw\dawn\images\snow_storm-186.jpg,90.8,Moderate,dawn
snow_storm-188.jpg,C:\Users\Srujan Jadhav\Desktop\aqi_prediction\data\raw\dawn\images\snow_storm-188.jpg,77.9,Moderate,dawn
snow_storm-190.jpg,C:\Users\Srujan Jadhav\Desktop\aqi_prediction\data\raw\dawn\images\snow_storm-190.jpg,91.7,Moderate,dawn
snow_storm-196.jpg,C:\Users\Srujan Jadhav\Desktop\aqi_prediction\data\raw\dawn\images\snow_storm-196.jpg,26.4,Good,dawn
snow_storm-200.jpg,C:\Users\Srujan Jadhav\Desktop\aqi_prediction\data\raw\dawn\images\snow_storm-200.jpg,92.7,Moderate,dawn
snow_storm-202.jpg,C:\Users\Srujan Jadhav\Desktop\aqi_prediction\data\raw\dawn\images\snow_storm-202.jpg,12.0,Good,dawn
snow_storm-204.jpg,C:\Users\Srujan Jadhav\Desktop\aqi_prediction\data\raw\dawn\images\snow_storm-204.jpg,50.5,Unknown,dawn
snow_storm-206.jpg,C:\Users\Srujan Jadhav\Desktop\aqi_prediction\data\raw\dawn\images\snow_storm-206.jpg,94.0,Moderate,dawn
snow_storm-209.jpg,C:\Users\Srujan Jadhav\Desktop\aqi_prediction\data\raw\dawn\images\snow_storm-209.jpg,94.6,Moderate,dawn
snow_storm-213.jpg,C:\Users\Srujan Jadhav\Desktop\aqi_prediction\data\raw\dawn\images\snow_storm-213.jpg,61.8,Moderate,dawn
snow_storm-215.jpg,C:\Users\Srujan Jadhav\Desktop\aqi_prediction\data\raw\dawn\images\snow_storm-215.jpg,70.8,Moderate,dawn
snow_storm-217.jpg,C:\Users\Srujan Jadhav\Desktop\aqi_prediction\data\raw\dawn\images\snow_storm-217.jpg,112.4,Unhealthy for Sensitive Groups,dawn
snow_storm-219.jpg,C:\Users\Srujan Jadhav\Desktop\aqi_prediction\data\raw\dawn\images\snow_storm-219.jpg,75.3,Moderate,dawn
snow_storm-221.jpg,C:\Users\Srujan Jadhav\Desktop\aqi_prediction\data\raw\dawn\images\snow_storm-221.jpg,129.9,Unhealthy for Sensitive Groups,dawn
snow_storm-223.jpg,C:\Users\Srujan Jadhav\Desktop\aqi_prediction\data\raw\dawn\images\snow_storm-223.jpg,85.0,Moderate,dawn
snow_storm-225.jpg,C:\Users\Srujan Jadhav\Desktop\aqi_prediction\data\raw\dawn\images\snow_storm-225.jpg,93.2,Moderate,dawn
snow_storm-227.jpg,C:\Users\Srujan Jadhav\Desktop\aqi_prediction\data\raw\dawn\images\snow_storm-227.jpg,117.3,Unhealthy for Sensitive Groups,dawn
snow_storm-229.jpg,C:\Users\Srujan Jadhav\Desktop\aqi_prediction\data\raw\dawn\images\snow_storm-229.jpg,87.6,Moderate,dawn
snow_storm-233.jpg,C:\Users\Srujan Jadhav\Desktop\aqi_prediction\data\raw\dawn\images\snow_storm-233.jpg,65.0,Moderate,dawn
snow_storm-235.jpg,C:\Users\Srujan Jadhav\Desktop\aqi_prediction\data\raw\dawn\images\snow_storm-235.jpg,82.8,Moderate,dawn
snow_storm-237.jpg,C:\Users\Srujan Jadhav\Desktop\aqi_prediction\data\raw\dawn\images\snow_storm-237.jpg,84.3,Moderate,dawn
snow_storm-239.jpg,C:\Users\Srujan Jadhav\Desktop\aqi_prediction\data\raw\dawn\images\snow_storm-239.jpg,57.7,Moderate,dawn
snow_storm-241.jpg,C:\Users\Srujan Jadhav\Desktop\aqi_prediction\data\raw\dawn\images\snow_storm-241.jpg,79.9,Moderate,dawn
snow_storm-243.jpg,C:\Users\Srujan Jadhav\Desktop\aqi_prediction\data\raw\dawn\images\snow_storm-243.jpg,70.2,Moderate,dawn
snow_storm-245.jpg,C:\Users\Srujan Jadhav\Desktop\aqi_prediction\data\raw\dawn\images\snow_storm-245.jpg,103.5,Unhealthy for Sensitive Groups,dawn
snow_storm-247.jpg,C:\Users\Srujan Jadhav\Desktop\aqi_prediction\data\raw\dawn\images\snow_storm-247.jpg,85.7,Moderate,dawn
snow_storm-251.jpg,C:\Users\Srujan Jadhav\Desktop\aqi_prediction\data\raw\dawn\images\snow_storm-251.jpg,79.3,Moderate,dawn
snow_storm-253.jpg,C:\Users\Srujan Jadhav\Desktop\aqi_prediction\data\raw\dawn\images\snow_storm-253.jpg,82.9,Moderate,dawn
snow_storm-255.jpg,C:\Users\Srujan Jadhav\Desktop\aqi_prediction\data\raw\dawn\images\snow_storm-255.jpg,89.5,Moderate,dawn
snow_storm-257.jpg,C:\Users\Srujan Jadhav\Desktop\aqi_prediction\data\raw\dawn\images\snow_storm-257.jpg,97.3,Moderate,dawn
snow_storm-259.jpg,C:\Users\Srujan Jadhav\Desktop\aqi_prediction\data\raw\dawn\images\snow_storm-259.jpg,65.0,Moderate,dawn
snow_storm-261.jpg,C:\Users\Srujan Jadhav\Desktop\aqi_prediction\data\raw\dawn\images\snow_storm-261.jpg,64.2,Moderate,dawn
snow_storm-263.jpg,C:\Users\Srujan Jadhav\Desktop\aqi_prediction\data\raw\dawn\images\snow_storm-263.jpg,107.1,Unhealthy for Sensitive Groups,dawn
snow_storm-265.jpg,C:\Users\Srujan Jadhav\Desktop\aqi_prediction\data\raw\dawn\images\snow_storm-265.jpg,76.8,Moderate,dawn
snow_storm-267.jpg,C:\Users\Srujan Jadhav\Desktop\aqi_prediction\data\raw\dawn\images\snow_storm-267.jpg,56.7,Moderate,dawn
snow_storm-269.jpg,C:\Users\Srujan Jadhav\Desktop\aqi_prediction\data\raw\dawn\images\snow_storm-269.jpg,93.9,Moderate,dawn
snow_storm-271.jpg,C:\Users\Srujan Jadhav\Desktop\aqi_prediction\data\raw\dawn\images\snow_storm-271.jpg,94.3,Moderate,dawn
snow_storm-273.jpg,C:\Users\Srujan Jadhav\Desktop\aqi_prediction\data\raw\dawn\images\snow_storm-273.jpg,54.4,Moderate,dawn
snow_storm-275.jpg,C:\Users\Srujan Jadhav\Desktop\aqi_prediction\data\raw\dawn\images\snow_storm-275.jpg,89.6,Moderate,dawn
snow_storm-279.jpg,C:\Users\Srujan Jadhav\Desktop\aqi_prediction\data\raw\dawn\images\snow_storm-279.jpg,99.7,Moderate,dawn
snow_storm-281.jpg,C:\Users\Srujan Jadhav\Desktop\aqi_prediction\data\raw\dawn\images\snow_storm-281.jpg,92.5,Moderate,dawn
snow_storm-283.jpg,C:\Users\Srujan Jadhav\Desktop\aqi_prediction\data\raw\dawn\images\snow_storm-283.jpg,97.6,Moderate,dawn
snow_storm-285.jpg,C:\Users\Srujan Jadhav\Desktop\aqi_prediction\data\raw\dawn\images\snow_storm-285.jpg,56.9,Moderate,dawn
snow_storm-289.jpg,C:\Users\Srujan Jadhav\Desktop\aqi_prediction\data\raw\dawn\images\snow_storm-289.jpg,91.6,Moderate,dawn
snow_storm-291.jpg,C:\Users\Srujan Jadhav\Desktop\aqi_prediction\data\raw\dawn\images\snow_storm-291.jpg,78.9,Moderate,dawn
snow_storm-293.jpg,C:\Users\Srujan Jadhav\Desktop\aqi_prediction\data\raw\dawn\images\snow_storm-293.jpg,75.3,Moderate,dawn
snow_storm-295.jpg,C:\Users\Srujan Jadhav\Desktop\aqi_prediction\data\raw\dawn\images\snow_storm-295.jpg,102.4,Unhealthy for Sensitive Groups,dawn
snow_storm-297.jpg,C:\Users\Srujan Jadhav\Desktop\aqi_prediction\data\raw\dawn\images\snow_storm-297.jpg,114.6,Unhealthy for Sensitive Groups,dawn
snow_storm-299.jpg,C:\Users\Srujan Jadhav\Desktop\aqi_prediction\data\raw\dawn\images\snow_storm-299.jpg,120.9,Unhealthy for Sensitive Groups,dawn
snow_storm-301.jpg,C:\Users\Srujan Jadhav\Desktop\aqi_prediction\data\raw\dawn\images\snow_storm-301.jpg,111.3,Unhealthy for Sensitive Groups,dawn
snow_storm-303.jpg,C:\Users\Srujan Jadhav\Desktop\aqi_prediction\data\raw\dawn\images\snow_storm-303.jpg,82.8,Moderate,dawn
snow_storm-305.jpg,C:\Users\Srujan Jadhav\Desktop\aqi_prediction\data\raw\dawn\images\snow_storm-305.jpg,92.1,Moderate,dawn
snow_storm-307.jpg,C:\Users\Srujan Jadhav\Desktop\aqi_prediction\data\raw\dawn\images\snow_storm-307.jpg,100.3,Unknown,dawn
snow_storm-309.jpg,C:\Users\Srujan Jadhav\Desktop\aqi_prediction\data\raw\dawn\images\snow_storm-309.jpg,87.4,Moderate,dawn
snow_storm-311.jpg,C:\Users\Srujan Jadhav\Desktop\aqi_prediction\data\raw\dawn\images\snow_storm-311.jpg,87.6,Moderate,dawn
snow_storm-313.jpg,C:\Users\Srujan Jadhav\Desktop\aqi_prediction\data\raw\dawn\images\snow_storm-313.jpg,101.5,Unhealthy for Sensitive Groups,dawn
snow_storm-317.jpg,C:\Users\Srujan Jadhav\Desktop\aqi_prediction\data\raw\dawn\images\snow_storm-317.jpg,83.8,Moderate,dawn
snow_storm-321.jpg,C:\Users\Srujan Jadhav\Desktop\aqi_prediction\data\raw\dawn\images\snow_storm-321.jpg,70.4,Moderate,dawn
snow_storm-323.jpg,C:\Users\Srujan Jadhav\Desktop\aqi_prediction\data\raw\dawn\images\snow_storm-323.jpg,76.7,Moderate,dawn
snow_storm-325.jpg,C:\Users\Srujan Jadhav\Desktop\aqi_prediction\data\raw\dawn\images\snow_storm-325.jpg,97.7,Moderate,dawn
snow_storm-327.jpg,C:\Users\Srujan Jadhav\Desktop\aqi_prediction\data\raw\dawn\images\snow_storm-327.jpg,85.1,Moderate,dawn
snow_storm-329.jpg,C:\Users\Srujan Jadhav\Desktop\aqi_prediction\data\raw\dawn\images\snow_storm-329.jpg,91.8,Moderate,dawn
snow_storm-331.jpg,C:\Users\Srujan Jadhav\Desktop\aqi_prediction\data\raw\dawn\images\snow_storm-331.jpg,98.4,Moderate,dawn
snow_storm-333.jpg,C:\Users\Srujan Jadhav\Desktop\aqi_prediction\data\raw\dawn\images\snow_storm-333.jpg,77.5,Moderate,dawn
snow_storm-335.jpg,C:\Users\Srujan Jadhav\Desktop\aqi_prediction\data\raw\dawn\images\snow_storm-335.jpg,100.1,Unknown,dawn
snow_storm-337.jpg,C:\Users\Srujan Jadhav\Desktop\aqi_prediction\data\raw\dawn\images\snow_storm-337.jpg,92.6,Moderate,dawn
snow_storm-339.jpg,C:\Users\Srujan Jadhav\Desktop\aqi_prediction\data\raw\dawn\images\snow_storm-339.jpg,60.3,Moderate,dawn
snow_storm-341.jpg,C:\Users\Srujan Jadhav\Desktop\aqi_prediction\data\raw\dawn\images\snow_storm-341.jpg,113.8,Unhealthy for Sensitive Groups,dawn
snow_storm-343.jpg,C:\Users\Srujan Jadhav\Desktop\aqi_prediction\data\raw\dawn\images\snow_storm-343.jpg,75.0,Moderate,dawn
snow_storm-347.jpg,C:\Users\Srujan Jadhav\Desktop\aqi_prediction\data\raw\dawn\images\snow_storm-347.jpg,51.9,Moderate,dawn
snow_storm-349.jpg,C:\Users\Srujan Jadhav\Desktop\aqi_prediction\data\raw\dawn\images\snow_storm-349.jpg,64.1,Moderate,dawn
snow_storm-350.jpg,C:\Users\Srujan Jadhav\Desktop\aqi_prediction\data\raw\dawn\images\snow_storm-350.jpg,64.6,Moderate,dawn
snow_storm-352.jpg,C:\Users\Srujan Jadhav\Desktop\aqi_prediction\data\raw\dawn\images\snow_storm-352.jpg,86.0,Moderate,dawn
snow_storm-354.jpg,C:\Users\Srujan Jadhav\Desktop\aqi_prediction\data\raw\dawn\images\snow_storm-354.jpg,79.5,Moderate,dawn
snow_storm-356.jpg,C:\Users\Srujan Jadhav\Desktop\aqi_prediction\data\raw\dawn\images\snow_storm-356.jpg,78.3,Moderate,dawn
snow_storm-358.jpg,C:\Users\Srujan Jadhav\Desktop\aqi_prediction\data\raw\dawn\images\snow_storm-358.jpg,97.4,Moderate,dawn
snow_storm-360.jpg,C:\Users\Srujan Jadhav\Desktop\aqi_prediction\data\raw\dawn\images\snow_storm-360.jpg,91.8,Moderate,dawn
snow_storm-362.jpg,C:\Users\Srujan Jadhav\Desktop\aqi_prediction\data\raw\dawn\images\snow_storm-362.jpg,91.3,Moderate,dawn
snow_storm-368.jpg,C:\Users\Srujan Jadhav\Desktop\aqi_prediction\data\raw\dawn\images\snow_storm-368.jpg,93.2,Moderate,dawn
snow_storm-370.jpg,C:\Users\Srujan Jadhav\Desktop\aqi_prediction\data\raw\dawn\images\snow_storm-370.jpg,97.3,Moderate,dawn
snow_storm-372.jpg,C:\Users\Srujan Jadhav\Desktop\aqi_prediction\data\raw\dawn\images\snow_storm-372.jpg,42.8,Good,dawn
snow_storm-374.jpg,C:\Users\Srujan Jadhav\Desktop\aqi_prediction\data\raw\dawn\images\snow_storm-374.jpg,77.7,Moderate,dawn
snow_storm-376.jpg,C:\Users\Srujan Jadhav\Desktop\aqi_prediction\data\raw\dawn\images\snow_storm-376.jpg,41.4,Good,dawn
